id,name,realm,rarity,levelScaling,levelCost_currency,levelCost_amount,effect1_type,effect1_arg1,effect1_arg2,effect2_type,effect2_arg1,effect2_arg2,effect3_type,effect3_arg1,effect3_arg2,effect4_type,effect4_arg1,effect4_arg2,effect5_type,effect5_arg1,effect5_arg2,effect6_type,effect6_arg1,effect6_arg2,effect7_type,effect7_arg1,effect7_arg2,effect8_type,effect8_arg1,effect8_arg2,effect9_type,effect9_arg1,effect9_arg2,effect10_type,effect10_arg1,effect10_arg2,specialEffect1_req_type,specialEffect1_req_amount,specialEffect1_type,specialEffect1_arg1,specialEffect1_arg2,specialEffect2_req_type,specialEffect2_req_amount,specialEffect2_type,specialEffect2_arg1,specialEffect2_arg2,power,defense,description,quantity,tier,level
101,Pebble,1,junk,1.5,stone,10,currencyPerPoke,stone,1,,,,,,,,,,,,,,,,,,,,,,,,,,,,level,5,flatCurrencyPerPoke,stone,10,level,10,flatCurrencyPerPoke,stone,100,1,1,Pebbles can form protective barriers called pebble beaches that shield shorelines from strong waves.,0,0,1
102,Stone Fragment,1,junk,1.5,stone,10,currencyPerPoke,stone,1,,,,,,,,,,,,,,,,,,,,,,,,,,,,,,,,,,,,,,1,1,Some stone fragments contain tiny fossils that are millions of years old!,0,0,1
103,Flint,1,junk,2,stone,20,currencyPerPoke,stone,1,,,,rarityOddsDivider,1,junk,,,,,,,,,,,,,,,,,,,,,,,,,,,,,,,,1,1,Flint was used for tools and fire-starting by early humans over 2 million years ago.,0,0,1
104,Coal,1,junk,2,stone,20,currencyPerPoke,stone,1,,,,rarityOddsDivider,1,junk,,,,,,,,,,,,,,,,,,,,,,level,15,flatMaxCardsPerPoke,10,,level,25,flatMaxCardsPerPoke,50,,1,1,Coal is formed from ancient plants that lived over 300 million years ago!,0,0,1
105,Iron Ore,1,junk,5,stone,10,currencyPerPoke,stone,2,,,,cooldownDivider,,,,,,,,,,,,,,,,,,,,,,,,,,,,,,,,,,1,1,Iron ore mining dates back more than 4000 years to ancient Egypt.,0,0,1
106,Copper Nugget,1,junk,2.5,stone,25,,,,currencyPerSec,stone,1,,,,,,,,,,,,,,,,,,,,,,,,,,,,,,,,,,,1,1,"Copper was the first metal ever used by humans, over 10,000 years ago.",0,0,1
107,Limestone,1,junk,2.5,stone,25,,,,currencyPerSec,stone,1,,,,,,,,,,,,,,,,,,,,,,,,,,,,,,,,,,,1,1,Limestone makes up most coral reefs and contains the skeletons of ancient sea life.,0,0,1
108,Sandstone,1,junk,2,stone,50,currencyPerPoke,stone,1,,,,rarityOddsDivider,1,junk,rarityOddsDivider,1,basic,,,,,,,,,,,,,,,,,,,level,10,flatMaxCardsPerPoke,2,,level,20,flatMaxCardsPerPoke,20,,1,1,Sandstone can form stunning canyons like Antelope Canyon in Arizona.,0,0,1
109,Granite Chunk,1,basic,2,stone,50,currencyPerPoke,stone,10,,,,rarityOddsDivider,1,junk,rarityOddsDivider,1,basic,,,,,,,,,,,,,,,,,,,level,10,flatCurrencyPerSecond,stone,10,level,20,flatCurrencyPerSecond,stone,1000,2,2,Granite makes up most of Earth’s continental crust and can be over a billion years old.,0,0,1
110,Shale,1,basic,2,stone,50,currencyPerPoke,stone,10,,,,rarityOddsDivider,1,junk,rarityOddsDivider,1,basic,,,,,,,,,,,,,,,,,,,,,,,,,,,,,2,2,"Shale layers can trap natural gas and oil, shaping modern fracking.",0,0,1
111,Marble Slab,1,basic,5,stone,100,,,,currencyPerSec,stone,10,maxCardsPerPoke,,,rarityOddsDivider,1,junk,,,,,,,,,,,,,,,,,,,,,,,,,,,,,2,5,Marble is metamorphosed limestone and was used by Michelangelo to carve David.,0,0,1
112,Quartz Crystal,1,decent,2,stone,30,currencyPerPoke,stone,50,,,,rarityOddsDivider,1,junk,rarityOddsDivider,1,basic,rarityOddsDivider,1,decent,,,,,,,,,,,,,,,,level,20,merchantPriceDivider,1.1,,,,,,,3,3,Quartz powers timepieces—its vibrations keep watches ticking!,0,0,1
113,Basalt Boulder,1,decent,4.5,stone,100,currencyPerPoke,stone,100,,,,cooldownDivider,,,rarityOddsDivider,1,junk,rarityOddsDivider,1,basic,,,,,,,,,,,,,,,,,,,,,,,,,,3,3,Basalt forms the vast ocean floors and the Giant’s Causeway in Ireland.,0,0,1
114,Obsidian Shard,1,fine,4.5,stone,100,currencyPerPoke,stone,500,,,,cooldownDivider,,,rarityOddsDivider,1,junk,rarityOddsDivider,1,basic,rarityOddsDivider,2,junk,,,,,,,,,,,,,level,5,flatCurrencyPerPoke,stone,5000,level,10,flatCurrencyPerPoke,stone,15000,5,4,Obsidian was prized by ancient cultures for making razor-sharp blades.,0,0,1
115,Fossil Fragment,1,fine,2.5,stone,25,currencyPerPoke,stone,300,currencyPerSec,stone,15,rarityOddsDivider,1,basic,rarityOddsDivider,1,decent,rarityOddsDivider,2,junk,,,,,,,,,,,,,,,,level,15,flatCurrencyPerPoke,crystal,15,,,,,,5,4,Fossils can reveal creatures that roamed Earth over 65 million years ago.,0,0,1
116,Ruby Geode,1,fine,2,stone,20,currencyPerPoke,stone,250,,,,rarityOddsDivider,1,junk,rarityOddsDivider,1,basic,rarityOddsDivider,1,decent,rarityOddsDivider,1,fine,,,,,,,,,,,,,level,20,currencyPerPokeMultiplier,stone,1.1,level,25,currencyPerPokeMultiplier,stone,1.5,5,4,Geodes form when minerals deposit inside gas bubbles in rocks over eons.,0,0,1
117,Emerald Deposit,1,fine,4.5,rune,10,currencyPerPoke,stone,500,,,,cooldownDivider,,,rarityOddsDivider,1,junk,rarityOddsDivider,1,basic,rarityOddsDivider,1,decent,,,,,,,,,,,,,level,8,flatCurrencyPerPoke,rune,100,,,,,,5,4,Emeralds get their green from trace chromium and vanadium.,0,0,1
118,Sapphire Stone,1,fine,2,stone,100,currencyPerPoke,rune,3,,,,rarityOddsDivider,1,junk,rarityOddsDivider,1,basic,rarityOddsDivider,1,decent,,,,,,,,,,,,,,,,,,,,,,,,,,5,4,Sapphires come in many colors—even pink and yellow!,0,0,1
119,Meteorite,1,fine,2,stone,500,,,,currencyPerSec,stone,15,rarityOddsDivider,1,junk,rarityOddsDivider,1,basic,rarityOddsDivider,1,decent,,,,,,,,,,,,,,,,level,20,allGeneratorMultiplier,1.25,,,,,,,5,4,Meteorites can be up to 4.5 billion years old—older than Earth!,0,0,1
120,Ancient Relic,1,rare,2.5,rune,1,currencyPerPoke,rune,5,currencyPerSec,rune,1,rarityOddsDivider,1,junk,rarityOddsDivider,1,basic,rarityOddsDivider,1,decent,rarityOddsDivider,1,fine,rarityOddsDivider,2,basic,rarityOddsDivider,5,junk,rarityOddsDivider,5,basic,,,,level,10,flatCurrencyPerPoke,rune,250,level,15,currencyPerSecMultiplier,stone,2,10,5,Many ancient relics are carbon-dated to reveal secrets of past civilizations.,0,0,1
201,Seaweed,2,junk,1.5,coral,5,currencyPerPoke,coral,1,,,,,,,,,,,,,,,,,,,,,,,,,,,,,,,,,,,,,,1,1,Seaweed produces about 80% of Earth’s oxygen through photosynthesis.,0,0,1
202,Seashell,2,junk,1.5,coral,5,currencyPerPoke,coral,1,,,,,,,,,,,,,,,,,,,,,,,,,,,,,,,,,,,,,,1,1,Many seashell shapes follow the Fibonacci sequence in nature.,0,0,1
203,Starfish,2,junk,5,coral,5,currencyPerPoke,coral,2,,,,cooldownDivider,,,,,,,,,,,,,,,,,,,,,,,,level,8,flatCooldownDivider,0.2,,,,,,,1,1,Starfish can regenerate lost arms—even grow a whole new body from one arm.,0,0,1
204,Driftwood,2,junk,2.5,coral,25,,,,currencyPerSec,coral,1,rarityOddsDivider,2,junk,,,,,,,,,,,,,,,,,,,,,,,,,,,,,,,,1,1,"Driftwood can float for years, carried across entire oceans.",0,0,1
205,Old Boot,2,junk,2,coral,50,currencyPerPoke,coral,1,,,,rarityOddsDivider,1,junk,rarityOddsDivider,2,junk,,,,,,,,,,,,,,,,,,,,,,,,,,,,,1,1,Ancient footwear found in rivers helps archaeologists date human settlements.,0,0,1
206,Coral Fragment,2,basic,2,coral,40,currencyPerPoke,coral,10,,,,rarityOddsDivider,1,junk,rarityOddsDivider,1,basic,,,,,,,,,,,,,,,,,,,,,,,,,,,,,2,2,Coral reefs support 25% of all marine species while covering less than 1% of the ocean.,0,0,1
207,Jellyfish,2,basic,5,coral,100,,,,currencyPerSec,coral,5,cooldownDivider,,,rarityOddsDivider,2,junk,,,,,,,,,,,,,,,,,,,level,4,flatMaxCardsPerPoke,4,,level,16,flatMaxCardsPerPoke,4000,,5,2,"Some jellyfish species are biologically immortal, reverting to juvenile form to avoid death.",0,0,1
208,Shipwreck,2,basic,2,coral,50,currencyPerPoke,coral,10,,,,rarityOddsDivider,2,junk,rarityOddsDivider,2,basic,,,,,,,,,,,,,,,,,,,level,20,currencyPerSecMultiplier,coral,1.5,level,30,currencyPerSecMultiplier,coral,1.5,2,5,"Over 3 million shipwrecks lie on the ocean floor, preserving maritime history.",0,0,1
209,Lobster,2,decent,2,coral,100,currencyPerPoke,coral,50,,,,rarityOddsDivider,2,junk,rarityOddsDivider,2,basic,rarityOddsDivider,2,decent,,,,,,,,,,,,,,,,,,,,,,,,,,50,3,Lobsters taste with their legs and chew with their stomachs!,0,0,1
210,Seahorse,2,decent,2.5,coral,25,currencyPerPoke,coral,50,currencyPerSec,coral,5,rarityOddsDivider,2,junk,rarityOddsDivider,2,basic,,,,,,,,,,,,,,,,,,,,,,,,,,,,,3,3,Male seahorses carry and give birth to their young.,0,0,1
211,Clownfish,2,decent,5,coral,200,currencyPerPoke,coral,100,currencyPerSec,coral,10,minCardsPerPoke,,,maxCardsPerPoke,,,rarityOddsDivider,2,junk,,,,,,,,,,,,,,,,level,5,merchantPriceDivider,1.1,,,,,,,3,3,Clownfish live among anemones and are immune to their stinging cells.,0,0,1
212,Swordfish,2,fine,4.5,coral,300,currencyPerPoke,coral,400,,,,cooldownDivider,,,rarityOddsDivider,2,junk,rarityOddsDivider,2,basic,rarityOddsDivider,2,decent,,,,,,,,,,,,,,,,,,,,,,,100,4,Swordfish can swim up to 60 mph—one of the ocean’s fastest predators.,0,0,1
213,Anglerfish,2,fine,2,coral,100,currencyPerPoke,coral,250,,,,rarityOddsDivider,2,junk,rarityOddsDivider,1,junk,rarityOddsDivider,3,junk,,,,,,,,,,,,,,,,level,10,flatCurrencyPerPoke,coral,25000,level,20,flatCooldownDivider,1,,50,4,Deep-sea anglerfish use a bioluminescent lure to attract prey in darkness.,0,0,1
214,Electric Eel,2,fine,2,coral,100,currencyPerPoke,coral,250,,,,rarityOddsDivider,1,junk,rarityOddsDivider,1,basic,rarityOddsDivider,4,basic,,,,,,,,,,,,,,,,,,,,,,,,,,100,4,Electric eels can generate over 600 volts of electricity to stun prey.,0,0,1
215,Pearl Oyster,2,fine,2,coral,200,currencyPerPoke,pearl,1,,,,rarityOddsDivider,2,junk,rarityOddsDivider,2,basic,,,,,,,,,,,,,,,,,,,level,10,flatCurrencyPerPoke,pearl,10,level,20,flatCurrencyPerPoke,pearl,100,5,4,"Pearls form when oysters coat irritants with nacre, creating the gem.",0,0,1
216,Manta Ray,2,fine,5,coral,50,currencyPerPoke,coral,500,,,,maxCardsPerPoke,,,rarityOddsDivider,2,basic,rarityOddsDivider,2,decent,rarityOddsDivider,3,junk,,,,,,,,,,,,,,,,,,,,,,,50,4,Manta rays have the largest brain-to-body ratio of any fish.,0,0,1
217,Sunken Idol,2,rare,1.5,coral,10,currencyPerPoke,coral,1000,,,,rarityOddsDivider,1,decent,rarityOddsDivider,2,junk,rarityOddsDivider,2,basic,rarityOddsDivider,2,decent,rarityOddsDivider,2,fine,rarityOddsDivider,5,junk,,,,,,,level,15,currencyPerSecMultiplier,coral,1.5,level,50,currencyPerPokeMultiplier,coral,1.5,25,5,Sunken idols often stay pristine underwater for centuries.,0,0,1
218,Kraken Tentacle,2,epic,5,coral,200,currencyPerPoke,coral,10000,,,,minCardsPerPoke,,,maxCardsPerPoke,,,rarityOddsDivider,7,junk,rarityOddsDivider,7,basic,rarityOddsDivider,1,decent,rarityOddsDivider,2,decent,,,,,,,level,10,allGeneratorMultiplier,1.25,,level,15,currencyPerPokeMultiplier,coral,2,30,6,Legends of the kraken may have originated from giant squid sightings.,0,0,1
219,Leviathan Scale,2,epic,2,pearl,5,currencyPerPoke,coral,5000,,,,rarityOddsDivider,2,junk,rarityOddsDivider,2,basic,rarityOddsDivider,2,decent,rarityOddsDivider,2,fine,rarityOddsDivider,7,junk,rarityOddsDivider,7,basic,,,,,,,level,10,allGeneratorMultiplier,1.25,,level,25,currencyPerPokeMultiplier,pearl,2,30,10,The name ‘leviathan’ appears in ancient texts describing sea monsters.,0,0,1
220,Poseidon’s Trident,2,legend,2,pearl,1,currencyPerPoke,pearl,3,currencyPerSec,pearl,1,rarityOddsDivider,2,basic,rarityOddsDivider,2,decent,rarityOddsDivider,2,fine,rarityOddsDivider,2,rare,rarityOddsDivider,5,decent,rarityOddsDivider,5,fine,,,,,,,level,15,flatCurrencyPerPoke,coral,1000000,level,25,currencyPerPokeMultiplier,coral,2,500,7,"The trident symbol is linked to Poseidon, god of the sea.",0,0,1
301,Ant,3,junk,1.5,pollen,5,currencyPerPoke,pollen,1,,,,,,,,,,,,,,,,,,,,,,,,,,,,level,20,flatMaxCardsPerPoke,5,,level,40,flatMaxCardsPerPoke,80,,1,1,Ants can lift objects over 50 times their body weight.,0,0,1
302,Beetle,3,junk,1.5,pollen,5,currencyPerPoke,pollen,1,,,,,,,,,,,,,,,,,,,,,,,,,,,,,,,,,,,,,,2,1,Beetles make up about 40% of all known insect species.,0,0,1
303,Grasshopper,3,junk,2.5,pollen,25,,,,currencyPerSec,pollen,1,rarityOddsDivider,3,junk,,,,,,,,,,,,,,,,,,,,,,,,,,,,,,,,1,1,Some grasshoppers can jump over 20 times their body length.,0,0,1
304,Butterfly,3,basic,2.5,pollen,25,,,,currencyPerSec,pollen,2,rarityOddsDivider,3,junk,rarityOddsDivider,3,basic,rarityOddsDivider,1,junk,rarityOddsDivider,1,basic,,,,,,,,,,,,,level,10,flatCurrencyPerPoke,pollen,690,,,,,,2,2,Butterflies taste with their feet to find host plants.,0,0,1
305,Spider,3,basic,5,pollen,200,currencyPerPoke,pollen,25,,,,cooldownDivider,,,rarityOddsDivider,3,junk,,,,,,,,,,,,,,,,,,,level,10,flatMinCardsPerPoke,8,,level,16,flatMinCardsPerPoke,800,,20,2,Spider silk is stronger than steel of the same thickness.,0,0,1
306,Caterpillar,3,basic,2,pollen,50,currencyPerPoke,pollen,10,,,,rarityOddsDivider,1,junk,rarityOddsDivider,1,basic,rarityOddsDivider,2,junk,,,,,,,,,,,,,,,,,,,,,,,,,,2,2,Caterpillars can increase their body mass up to 100 times before metamorphosis.,0,0,1
307,Ladybug,3,basic,5,pollen,50,currencyPerPoke,pollen,25,,,,maxCardsPerPoke,,,rarityOddsDivider,3,junk,rarityOddsDivider,3,basic,,,,,,,,,,,,,,,,,,,,,,,,,,2,2,Ladybugs release a yellow fluid from their legs to deter predators.,0,0,1
308,Wasp,3,decent,4.5,pollen,200,currencyPerPoke,pollen,80,,,,cooldownDivider,,,rarityOddsDivider,1,decent,rarityOddsDivider,3,decent,,,,,,,,,,,,,,,,level,8,merchantPriceDivider,1.15,,,,,,,100,3,Wasps inspired medical adhesives that work on wet surfaces.,0,0,1
309,Dragonfly,3,decent,2.5,pollen,25,,,,currencyPerSec,pollen,5,rarityOddsDivider,2,junk,rarityOddsDivider,2,basic,rarityOddsDivider,3,junk,,,,,,,,,,,,,,,,,,,,,,,,,,10,3,Dragonflies can reach flying speeds of 35 mph—among the fastest insects.,0,0,1
310,Firefly,3,decent,2,pollen,50,currencyPerPoke,pollen,50,,,,rarityOddsDivider,3,junk,rarityOddsDivider,3,basic,,,,,,,,,,,,,,,,,,,,,,,,,,,,,3,3,Fireflies glow without heat using a chemical reaction in their abdomen.,0,0,1
311,Honeycomb,3,decent,2,pollen,50,currencyPerPoke,pollen,50,,,,rarityOddsDivider,2,junk,rarityOddsDivider,3,junk,,,,,,,,,,,,,,,,,,,level,15,flatCurrencyPerSecond,pollen,2000,,,,,,3,6,Hexagonal honeycomb cells store the most honey with zero waste.,0,0,1
312,Beetle Carapace,3,fine,2,pollen,80,currencyPerPoke,pollen,250,,,,rarityOddsDivider,3,junk,rarityOddsDivider,3,basic,rarityOddsDivider,3,decent,,,,,,,,,,,,,,,,,,,,,,,,,,5,7,Beetle shells inspired new lightweight armor materials.,0,0,1
313,Mantis Claw,3,fine,4.5,pollen,200,,,,currencyPerSec,pollen,15,cooldownDivider,,,rarityOddsDivider,2,basic,rarityOddsDivider,3,basic,rarityOddsDivider,4,basic,,,,,,,,,,,,,,,,,,,,,,,20,4,Praying mantis claws strike at over 50 mph to catch prey.,0,0,1
314,Cicada Shell,3,fine,2,pollen,80,currencyPerPoke,pollen,250,,,,rarityOddsDivider,3,junk,rarityOddsDivider,3,basic,rarityOddsDivider,2,junk,,,,,,,,,,,,,,,,,,,,,,,,,,8,6,Cicadas emerge in synchronized broods every 13 or 17 years.,0,0,1
315,Termite Wood,3,fine,2.5,pollen,25,currencyPerPoke,pollen,250,currencyPerSec,pollen,10,rarityOddsDivider,2,junk,rarityOddsDivider,2,basic,rarityOddsDivider,2,decent,,,,,,,,,,,,,,,,,,,,,,,,,,5,5,Termite mounds maintain constant temperature and humidity inside their tunnels.,0,0,1
316,Queen Bee,3,rare,2,pollen,50,currencyPerPoke,pollen,1000,,,,rarityOddsDivider,3,basic,rarityOddsDivider,2,basic,rarityOddsDivider,1,basic,rarityOddsDivider,4,basic,,,,,,,,,,,,,level,35,currencyPerPokeMultiplier,royal_jelly,1.25,,,,,,50,5,A queen bee can lay over 2000 eggs per day at peak season.,0,0,1
317,Praying Mantis,3,rare,2,pollen,50,currencyPerPoke,pollen,1000,,,,rarityOddsDivider,2,junk,rarityOddsDivider,3,junk,rarityOddsDivider,3,basic,rarityOddsDivider,3,decent,,,,,,,,,,,,,level,30,currencyPerPokeMultiplier,rune,1.25,,,,,,50,5,Praying mantises can rotate their heads 180° to scan for prey.,0,0,1
318,Atlas Moth,3,rare,4,pollen,200,,,,currencyPerSec,pollen,40,cooldownDivider,,,rarityOddsDivider,2,basic,rarityOddsDivider,2,decent,rarityOddsDivider,2,fine,rarityOddsDivider,2,rare,,,,,,,,,,level,10,flatMaxCardsPerPoke,100,,level,20,flatMaxCardsPerPoke,2000,,25,5,Atlas moths have wingspans up to 12 inches—among the largest insects.,0,0,1
319,Goliath Beetle,3,rare,2.5,pollen,50,currencyPerPoke,pollen,1500,currencyPerSec,pollen,25,rarityOddsDivider,3,junk,rarityOddsDivider,3,basic,rarityOddsDivider,2,junk,rarityOddsDivider,2,fine,,,,,,,,,,,,,,,,,,,,,,,25,7,"Goliath beetles can grow over 4 inches long, making them one of the largest insects.",0,0,1
320,Ant Queen,3,rare,2,pollen,20,currencyPerPoke,pollen,1000,,,,rarityOddsDivider,3,junk,rarityOddsDivider,3,basic,rarityOddsDivider,3,decent,rarityOddsDivider,3,fine,,,,,,,,,,,,,,,,,,,,,,,25,5,Ant queens can live for decades—far longer than worker ants.,0,0,1
321,Titan Scarab,3,epic,2,royal_jelly,10,currencyPerPoke,pollen,5000,,,,rarityOddsDivider,3,junk,rarityOddsDivider,3,basic,rarityOddsDivider,3,decent,rarityOddsDivider,3,fine,rarityOddsDivider,4,basic,,,,,,,,,,level,5,flatCurrencyPerPoke,royal_jelly,50,level,17,flatCurrencyPerPoke,royal_jelly,5000,75,10,Titan scarabs can roll dung balls over 1 000× their own weight.,0,0,1
322,Warden Wasp,3,epic,5,royal_jelly,1,currencyPerPoke,royal_jelly,4,,,,maxCardsPerPoke,,,rarityOddsDivider,3,basic,rarityOddsDivider,3,decent,rarityOddsDivider,3,fine,rarityOddsDivider,3,rare,rarityOddsDivider,2,decent,,,,,,,level,10,currencyPerSecMultiplier,pollen,1.25,level,15,currencyPerSecMultiplier,pollen,1.5,250,6,Warden wasps defend their colonies with some of the strongest insect stings.,0,0,1
323,Celestial Cicada,3,epic,2,royal_jelly,1,currencyPerPoke,royal_jelly,1,,,,rarityOddsDivider,3,fine,rarityOddsDivider,3,rare,rarityOddsDivider,2,junk,rarityOddsDivider,2,decent,rarityOddsDivider,2,fine,rarityOddsDivider,2,rare,,,,,,,level,20,currencyPerPokeMultiplier,pollen,1.5,level,30,currencyPerPokeMultiplier,pollen,2,50,8,Celestial cicadas emerge in synchronized swarms once every century.,0,0,1
324,Dreamspinner,3,legend,5,royal_jelly,10,currencyPerPoke,royal_jelly,10,currencyPerSec,royal_jelly,1,minCardsPerPoke,,,rarityOddsDivider,3,basic,rarityOddsDivider,3,decent,rarityOddsDivider,3,fine,rarityOddsDivider,3,rare,rarityOddsDivider,6,basic,rarityOddsDivider,6,decent,rarityOddsDivider,6,fine,level,10,currencyPerSecMultiplier,pollen,3,level,20,flatCurrencyPerSecond,royal_jelly,100000,250,7,The Dreamspinner weaves silk that unlocks visions in your dreams.,0,0,1
401,Sparrow,4,basic,1.5,egg,10,currencyPerPoke,egg,10,,,,,,,,,,,,,,,,,,,,,,,,,,,,,,,,,,,,,,2,2,Sparrows can swim short distances by flapping their wings and hopping across the water.,0,0,1
402,Pigeon,4,basic,1.5,egg,10,currencyPerPoke,egg,10,,,,,,,,,,,,,,,,,,,,,,,,,,,,,,,,,,,,,,2,2,Pigeons can recognize themselves in mirrors—one of the few species with this ability.,0,0,1
403,Crow,4,basic,2.5,egg,25,,,,currencyPerSec,egg,2,,,,,,,,,,,,,,,,,,,,,,,,,,,,,,,,,,,2,2,Crows remember human faces and can hold grudges for years.,0,0,1
404,Robin,4,basic,2,egg,40,currencyPerPoke,egg,10,,,,rarityOddsDivider,4,basic,,,,,,,,,,,,,,,,,,,,,,,,,,,,,,,,2,2,Robins can hear worms moving underground using their keen sense of hearing.,0,0,1
405,Blue Jay,4,basic,5,egg,40,currencyPerPoke,egg,20,,,,cooldownDivider,,,rarityOddsDivider,4,basic,,,,,,,,,,,,,,,,,,,,,,,,,,,,,2,2,Blue Jays mimic the calls of hawks to scare away other birds.,0,0,1
406,Goldfinch,4,basic,1.5,egg,50,currencyPerPoke,egg,10,,,,rarityOddsDivider,2,basic,,,,,,,,,,,,,,,,,,,,,,level,30,currencyPerPokeMultiplier,egg,1.1,level,40,currencyPerPokeMultiplier,egg,1.5,2,2,"Goldfinches are strict vegetarians, unlike most other birds.",0,0,1
407,Hummingbird,4,decent,4.5,egg,200,currencyPerPoke,egg,50,,,,cooldownDivider,,,rarityOddsDivider,1,junk,rarityOddsDivider,1,basic,rarityOddsDivider,2,junk,rarityOddsDivider,2,basic,,,,,,,,,,,,,,,,,,,,3,3,Hummingbirds can flap their wings over 70 times per second.,0,0,1
408,Woodpecker,4,decent,2,egg,100,currencyPerPoke,egg,25,,,,rarityOddsDivider,4,basic,rarityOddsDivider,2,junk,,,,,,,,,,,,,,,,,,,level,5,flatMaxCardsPerPoke,15,,level,25,flatMaxCardsPerPoke,1500,,5,3,Woodpeckers have specially adapted skulls to absorb the shock of pecking.,0,0,1
409,Kingfisher,4,decent,2.5,egg,25,,,,currencyPerSec,egg,5,rarityOddsDivider,3,basic,rarityOddsDivider,4,basic,,,,,,,,,,,,,,,,,,,,,,,,,,,,,3,3,Kingfishers can dive into water without making a splash thanks to their streamlined beaks.,0,0,1
410,Parrot,4,decent,5,egg,100,currencyPerPoke,egg,50,,,,minCardsPerPoke,,,maxCardsPerPoke,,,rarityOddsDivider,1,basic,rarityOddsDivider,2,basic,,,,,,,,,,,,,level,5,merchantPriceDivider,1.15,,,,,,,3,3,Parrots can learn to say over 100 words and use them in context.,0,0,1
411,Flamingo,4,fine,4.5,egg,200,currencyPerPoke,egg,400,,,,cooldownDivider,,,rarityOddsDivider,3,basic,rarityOddsDivider,3,decent,rarityOddsDivider,2,junk,,,,,,,,,,,,,,,,,,,,,,,5,4,Flamingos get their pink color from the shrimp and algae they eat.,0,0,1
412,Swan,4,fine,2,egg,200,currencyPerPoke,egg,250,,,,rarityOddsDivider,3,junk,rarityOddsDivider,4,basic,rarityOddsDivider,4,decent,,,,,,,,,,,,,,,,,,,,,,,,,,15,4,Swans have more neck vertebrae than giraffes—up to 25!,0,0,1
413,Pelican,4,fine,1.5,egg,50,currencyPerPoke,egg,200,,,,rarityOddsDivider,4,basic,rarityOddsDivider,3,junk,rarityOddsDivider,2,basic,,,,,,,,,,,,,,,,,,,,,,,,,,5,4,Pelicans can hold up to 3 gallons of water in their throat pouches.,0,0,1
414,Albatross,4,rare,5,egg,150,,,,currencyPerSec,egg,50,minCardsPerPoke,,,maxCardsPerPoke,,,rarityOddsDivider,2,junk,rarityOddsDivider,2,basic,rarityOddsDivider,3,junk,,,,,,,,,,,,,,,,,,,,10,5,Albatrosses can sleep while flying over the ocean.,0,0,1
415,Falcon,4,rare,2,egg,50,currencyPerPoke,egg,1000,,,,rarityOddsDivider,4,basic,rarityOddsDivider,4,decent,rarityOddsDivider,4,fine,,,,,,,,,,,,,,,,,,,,,,,,,,50,5,"Falcons are the fastest animals on Earth, diving at speeds over 200 mph.",0,0,1
416,Hawk,4,rare,2,egg,100,currencyPerPoke,egg,1000,,,,rarityOddsDivider,3,junk,rarityOddsDivider,3,basic,rarityOddsDivider,3,decent,,,,,,,,,,,,,,,,level,10,flatCurrencyPerSecond,egg,500,level,20,flatCurrencyPerSecond,egg,5000,50,5,Hawks have vision about 8 times sharper than that of humans.,0,0,1
417,Eagle,4,rare,4,egg,50,currencyPerPoke,egg,1500,,,,cooldownDivider,,,rarityOddsDivider,3,decent,rarityOddsDivider,2,junk,rarityOddsDivider,5,junk,,,,,,,,,,,,,level,4,flatCurrencyPerPoke,egg,4000,level,15,flatCurrencyPerPoke,egg,200000,75,5,"Eagles build the largest nests of any bird, sometimes weighing over a ton.",0,0,1
418,Owl,4,rare,2,egg,50,currencyPerPoke,egg,1000,,,,rarityOddsDivider,4,basic,rarityOddsDivider,4,decent,rarityOddsDivider,4,fine,rarityOddsDivider,3,junk,rarityOddsDivider,3,decent,,,,,,,,,,,,,,,,,,,,25,5,Owls can rotate their heads up to 270 degrees.,0,0,1
419,Condor,4,rare,2,egg,25,currencyPerPoke,egg,1000,,,,rarityOddsDivider,4,basic,rarityOddsDivider,3,basic,rarityOddsDivider,2,basic,rarityOddsDivider,1,basic,rarityOddsDivider,5,junk,,,,,,,,,,,,,,,,,,,,25,5,"Condors have a wingspan of over 10 feet, among the largest of any land bird.",0,0,1
420,Phoenix,4,epic,2,feather,5,currencyPerPoke,feather,1,,,,rarityOddsDivider,4,basic,rarityOddsDivider,4,decent,rarityOddsDivider,4,fine,rarityOddsDivider,2,decent,rarityOddsDivider,7,basic,,,,,,,,,,level,10,flatCurrencyPerPoke,feather,100,level,15,flatCurrencyPerPoke,feather,1000,200,6,Phoenixes are mythical birds said to be reborn from their ashes.,0,0,1
421,Thunderbird,4,epic,5,feather,10,,,,currencyPerSec,egg,100,minCardsPerPoke,,,rarityOddsDivider,3,basic,rarityOddsDivider,3,decent,rarityOddsDivider,3,fine,rarityOddsDivider,7,decent,,,,,,,,,,level,9,allGeneratorMultiplier,1.5,,level,13,allGeneratorMultiplier,2,,200,6,Thunderbirds are legendary creatures said to cause thunder with their wings.,0,0,1
422,Roc,4,epic,5,feather,5,currencyPerPoke,egg,7500,,,,maxCardsPerPoke,,,rarityOddsDivider,4,decent,rarityOddsDivider,4,fine,rarityOddsDivider,4,rare,rarityOddsDivider,5,junk,,,,,,,,,,level,13,currencyPerPokeMultiplier,feather,2,,,,,,150,8,Rocs are giant birds in mythology capable of carrying off elephants.,0,0,1
423,Garuda,4,epic,4,feather,10,,,,currencyPerSec,egg,80,cooldownDivider,,,rarityOddsDivider,2,basic,rarityOddsDivider,2,decent,rarityOddsDivider,2,fine,rarityOddsDivider,4,basic,,,,,,,,,,level,12,flatCurrencyPerPoke,feather,1200,,,,,,150,10,"Garuda is a divine bird in Hindu mythology, often seen as a protector.",0,0,1
424,Simurgh,4,epic,2,feather,10,currencyPerPoke,egg,5000,,,,rarityOddsDivider,4,basic,rarityOddsDivider,4,decent,rarityOddsDivider,4,fine,rarityOddsDivider,4,rare,rarityOddsDivider,7,junk,,,,,,,,,,level,15,currencyPerSecMultiplier,feather,2,,,,,,150,8,The Simurgh is a Persian mythical bird believed to purify the land and sky.,0,0,1
425,Articuno,4,legend,5,feather,25,currencyPerPoke,feather,25,currencyPerSec,feather,1,maxCardsPerPoke,,,rarityOddsDivider,4,basic,rarityOddsDivider,4,decent,rarityOddsDivider,7,junk,rarityOddsDivider,2,fine,rarityOddsDivider,2,rare,,,,,,,level,10,currencyPerPokeMultiplier,egg,2,level,15,currencyPerSecMultiplier,egg,3,250,7,Articuno is an Ice-type Legendary Pokémon inspired by arctic birds.,0,0,1
426,Zapdos,4,legend,5,feather,25,currencyPerPoke,feather,25,currencyPerSec,egg,200,cooldownDivider,,,maxCardsPerPoke,,,rarityOddsDivider,4,decent,rarityOddsDivider,4,fine,rarityOddsDivider,4,rare,rarityOddsDivider,4,epic,rarityOddsDivider,7,basic,rarityOddsDivider,3,fine,level,10,currencyPerPokeMultiplier,egg,2,level,15,currencyPerSecMultiplier,egg,3,250,7,Zapdos is an Electric-type Legendary Pokémon with powers over storms.,0,0,1
427,Moltres,4,legend,2.5,feather,25,currencyPerPoke,egg,25000,currencyPerSec,feather,1,rarityOddsDivider,1,basic,rarityOddsDivider,2,basic,rarityOddsDivider,3,basic,rarityOddsDivider,3,decent,rarityOddsDivider,4,basic,rarityOddsDivider,7,decent,,,,,,,level,10,currencyPerPokeMultiplier,egg,2,level,15,currencyPerSecMultiplier,egg,3,250,7,Moltres is a Fire-type Legendary Pokémon with wings of flame.,0,0,1
501,Quill Pen,5,junk,1.5,crystal,10,currencyPerPoke,crystal,1,,,,,,,,,,,,,,,,,,,,,,,,,,,,,,,,,,,,,,2,1,Writing tools like these were essential for scribes across ancient civilizations.,0,0,1
502,Parchment Scroll,5,junk,2,crystal,10,currencyPerPoke,crystal,1,,,,rarityOddsDivider,1,junk,rarityOddsDivider,1,basic,,,,,,,,,,,,,,,,,,,,,,,,,,,,,1,1,Ancient texts were often recorded on parchment made from animal skins.,0,0,1
503,Ink Vial,5,junk,2,rune,1,currencyPerPoke,crystal,1,,,,rarityOddsDivider,5,junk,,,,,,,,,,,,,,,,,,,,,,,,,,,,,,,,1,1,Some ancient inks used soot or crushed berries for pigmentation.,0,0,1
504,Wax Seal,5,junk,2,rune,1,currencyPerPoke,crystal,1,,,,rarityOddsDivider,5,junk,,,,,,,,,,,,,,,,,,,,,,,,,,,,,,,,1,1,Wax seals were used to authenticate important documents.,0,0,1
505,Candle Stub,5,junk,2.5,crystal,10,,,,currencyPerSec,crystal,1,rarityOddsDivider,1,junk,rarityOddsDivider,1,basic,,,,,,,,,,,,,,,,,,,,,,,,,,,,,1,1,Candles were among the earliest portable sources of light.,0,0,1
506,Crystal Lens,5,basic,1.5,crystal,50,currencyPerPoke,crystal,10,,,,rarityOddsDivider,5,junk,,,,,,,,,,,,,,,,,,,,,,,,,,,,,,,,2,2,The first lenses were made from naturally transparent crystals.,0,0,1
507,Bronze Compass,5,basic,1.5,crystal,50,currencyPerPoke,crystal,10,,,,rarityOddsDivider,5,junk,,,,,,,,,,,,,,,,,,,,,,level,30,flatMaxCardsPerPoke,100,,level,50,flatMaxCardsPerPoke,1000,,2,2,Compasses helped ancient sailors navigate the seas.,0,0,1
508,Rune Stone,5,basic,2,rune,5,currencyPerPoke,crystal,25,,,,rarityOddsDivider,5,basic,rarityOddsDivider,1,basic,,,,,,,,,,,,,,,,,,,level,10,flatCurrencyPerPoke,rune,25,,,,,,2,2,Rune stones were used to record significant events and messages.,0,0,1
509,Spell Tome,5,basic,2,rune,5,currencyPerPoke,crystal,25,,,,rarityOddsDivider,5,basic,rarityOddsDivider,1,basic,,,,,,,,,,,,,,,,,,,level,10,flatCurrencyPerSecond,rune,1,level,20,flatMaxCardsPerPoke,200,,2,2,Ancient tomes were believed to contain powerful magical knowledge.,0,0,1
510,Alchemist’s Flask,5,basic,2.5,rune,10,,,,currencyPerSec,crystal,5,rarityOddsDivider,5,junk,rarityOddsDivider,5,basic,,,,,,,,,,,,,,,,,,,,,,,,,,,,,2,2,Alchemists sought to turn lead into gold using tools like this.,0,0,1
511,Sorcerer’s Ring,5,decent,2,crystal,20,currencyPerPoke,crystal,50,,,,rarityOddsDivider,5,junk,rarityOddsDivider,5,basic,rarityOddsDivider,5,decent,,,,,,,,,,,,,,,,level,15,flatCurrencyPerSecond,crystal,1000,level,25,flatCurrencyPerSecond,crystal,10000,5,3,Mythical rings were thought to grant invisibility or control over elements.,0,0,1
512,Enchanted Mirror,5,decent,2,crystal,20,currencyPerPoke,crystal,50,,,,rarityOddsDivider,5,junk,rarityOddsDivider,5,basic,rarityOddsDivider,1,basic,rarityOddsDivider,1,decent,,,,,,,,,,,,,,,,,,,,,,,3,3,Some cultures believed mirrors could trap or reveal spirits.,0,0,1
513,Mystic Amulet,5,decent,2.5,rune,10,,,,currencyPerSec,crystal,10,rarityOddsDivider,1,junk,rarityOddsDivider,2,junk,rarityOddsDivider,3,junk,,,,,,,,,,,,,,,,level,6,merchantPriceDivider,1.2,,,,,,,3,3,Amulets were worn to protect the wearer from evil forces.,0,0,1
514,Elemental Orb,5,fine,5,rune,10,currencyPerPoke,crystal,500,,,,maxCardsPerPoke,,,rarityOddsDivider,5,junk,rarityOddsDivider,5,basic,rarityOddsDivider,6,basic,,,,,,,,,,,,,,,,,,,,,,,10,4,"Orbs were symbols of power, representing elemental control.",0,0,1
515,Astral Prism,5,fine,4.5,rune,10,currencyPerPoke,crystal,400,,,,cooldownDivider,,,rarityOddsDivider,5,junk,rarityOddsDivider,5,basic,rarityOddsDivider,5,decent,,,,,,,,,,,,,,,,,,,,,,,5,4,Prisms symbolized enlightenment and celestial understanding.,0,0,1
516,Celestial Globe,5,rare,1.5,rune,50,currencyPerPoke,rune,5,,,,rarityOddsDivider,5,junk,rarityOddsDivider,5,basic,rarityOddsDivider,4,basic,rarityOddsDivider,3,junk,rarityOddsDivider,6,basic,,,,,,,,,,level,40,flatCurrencyPerPoke,cosmic_ray,4,level,50,flatCurrencyPerPoke,cosmic_ray,500,10,5,Globes mapped the stars and aided early astronomy.,0,0,1
517,Philosopher’s Stone,5,rare,1.5,rune,50,currencyPerPoke,crystal,1000,,,,rarityOddsDivider,5,junk,rarityOddsDivider,5,rare,rarityOddsDivider,4,basic,rarityOddsDivider,3,junk,rarityOddsDivider,9,junk,,,,,,,,,,level,40,flatMaxCardsPerPoke,400,,level,50,flatMaxCardsPerPoke,5000,,25,10,Said to grant immortality and turn metals to gold.,0,0,1
518,Excalibur,5,rare,4,rune,50,,,,currencyPerSec,crystal,40,rarityOddsDivider,5,junk,rarityOddsDivider,2,junk,rarityOddsDivider,1,junk,rarityOddsDivider,5,rare,rarityOddsDivider,10,junk,,,,,,,,,,,,,,,,,,,,500,5,"The legendary sword of King Arthur, bestowed by the Lady of the Lake.",0,0,1
519,Mjölnir,5,legend,2,rune,100,currencyPerPoke,crystal,25000,,,,rarityOddsDivider,5,junk,rarityOddsDivider,5,basic,rarityOddsDivider,5,decent,rarityOddsDivider,5,fine,rarityOddsDivider,5,rare,rarityOddsDivider,9,basic,rarityOddsDivider,10,junk,,,,level,20,currencyPerPokeMultiplier,crystal,2,,,,,,500,7,"Thor’s hammer, capable of leveling mountains.",0,0,1
520,Golden Fleece,5,legend,3,rune,75,,,,currencyPerSec,rune,5,rarityOddsDivider,1,junk,rarityOddsDivider,1,basic,rarityOddsDivider,1,decent,rarityOddsDivider,1,fine,rarityOddsDivider,2,junk,rarityOddsDivider,2,basic,,,,,,,level,15,currencyPerPokeMultiplier,rune,1.5,,,,,,200,9,Jason and the Argonauts quested for this powerful artifact.,0,0,1
521,Caduceus of Hermes,5,legend,3,rune,75,,,,currencyPerSec,rune,5,rarityOddsDivider,2,decent,rarityOddsDivider,2,fine,rarityOddsDivider,2,rare,rarityOddsDivider,3,junk,rarityOddsDivider,3,basic,rarityOddsDivider,3,decent,,,,,,,level,15,currencyPerPokeMultiplier,rune,1.5,,,,,,50,8,"Symbol of trade and negotiation, wielded by Hermes.",0,0,1
522,Aegis Shield,5,legend,3,rune,75,,,,currencyPerSec,rune,5,rarityOddsDivider,3,fine,rarityOddsDivider,3,rare,rarityOddsDivider,4,basic,rarityOddsDivider,4,decent,rarityOddsDivider,4,fine,rarityOddsDivider,4,rare,,,,,,,level,15,currencyPerPokeMultiplier,rune,1.5,,,,,,50,15,A powerful shield carried by Athena and Zeus.,0,0,1
523,Eye of Ra,5,legend,1.5,rune,50,currencyPerPoke,rune,25,,,,rarityOddsDivider,5,junk,rarityOddsDivider,5,basic,rarityOddsDivider,1,decent,rarityOddsDivider,2,decent,rarityOddsDivider,3,decent,rarityOddsDivider,4,decent,,,,,,,level,25,flatCurrencyPerPoke,rune,5000,,,,,,200,7,An ancient Egyptian symbol of protection and royal power.,0,0,1
524,Staff of the Magi,5,legend,5,rune,50,currencyPerPoke,crystal,50000,currencyPerSec,crystal,200,cooldownDivider,,,maxCardsPerPoke,,,minCardsPerPoke,,,rarityOddsDivider,2,basic,rarityOddsDivider,3,basic,rarityOddsDivider,4,basic,,,,,,,level,10,allGeneratorMultiplier,1.5,,level,15,currencyPerSecMultiplier,crystal,2,200,7,An artifact said to channel immense magical energy.,0,0,1
525,Enchanted Cloak,5,legend,2,rune,50,currencyPerPoke,rune,50,,,,rarityOddsDivider,5,junk,rarityOddsDivider,5,basic,rarityOddsDivider,5,decent,rarityOddsDivider,5,fine,rarityOddsDivider,5,rare,rarityOddsDivider,5,legend,,,,,,,level,15,flatCurrencyPerSecond,rune,50,,,,,,50,13,Invisibility cloaks appear in legends from many cultures.,0,0,1
526,Sorcerer’s Chalice,5,legend,5,rune,100,currencyPerPoke,rune,100,currencyPerSec,crystal,200,maxCardsPerPoke,,,minCardsPerPoke,,,rarityOddsDivider,1,basic,rarityOddsDivider,2,basic,rarityOddsDivider,3,basic,rarityOddsDivider,4,basic,,,,,,,level,12,currencyPerSecMultiplier,crystal,2,,,,,,50,10,A cup said to grant insight or eternal youth.,0,0,1
527,Cup of Eternal Youth,5,mythic,3.5,rune,500,currencyPerPoke,rune,1000,currencyPerSec,rune,25,cooldownDivider,,,rarityOddsDivider,1,fine,rarityOddsDivider,2,rare,rarityOddsDivider,3,rare,rarityOddsDivider,4,rare,rarityOddsDivider,5,rare,rarityOddsDivider,6,basic,rarityOddsDivider,6,decent,level,15,currencyPerSecMultiplier,rune,10,level,30,currencyPerPokeMultiplier,rune,10,100,15,"Sought by many, this relic offers everlasting vitality.",0,0,1
601,Asteroid,6,basic,2,stone,10,currencyPerPoke,stone,10,,,,rarityOddsDivider,6,basic,,,,,,,,,,,,,,,,,,,,,,,,,,,,,,,,5,2,Asteroids in our solar system are remnants from its formation over 4.6 billion years ago.,0,0,1
602,Comet,6,basic,5,stone,25,,,,currencyPerSec,stone,10,cooldownDivider,,,,,,,,,,,,,,,,,,,,,,,,,,,,,,,,,,5,2,Some comets complete their orbits around the Sun in thousands of years.,0,0,1
603,Hoba,6,decent,2,stone,40,currencyPerPoke,stone,50,,,,rarityOddsDivider,6,basic,rarityOddsDivider,1,junk,,,,,,,,,,,,,,,,,,,,,,,,,,,,,10,3,The Hoba meteorite is the largest known intact meteorite on Earth at 60 tons.,0,0,1
604,Earth,6,decent,4.5,stone,200,currencyPerPoke,stone,100,,,,cooldownDivider,,,rarityOddsDivider,1,junk,rarityOddsDivider,2,junk,rarityOddsDivider,3,junk,,,,,,,,,,,,,level,8,flatCurrencyPerPoke,stone,2500,level,15,flatCurrencyPerPoke,stone,1500000,10,5,Earth is the only known planet with liquid water on its surface and life.,0,0,1
605,Mars,6,decent,2.5,stone,25,currencyPerPoke,stone,60,currencyPerSec,stone,5,rarityOddsDivider,1,basic,rarityOddsDivider,2,basic,,,,,,,,,,,,,,,,,,,level,25,currencyPerPokeMultiplier,stone,2,,,,,,10,3,Mars has the largest dust storms in our solar system sometimes covering the entire planet.,0,0,1
606,Saturn,6,decent,5,stone,100,currencyPerPoke,stone,100,,,,maxCardsPerPoke,,,rarityOddsDivider,6,basic,rarityOddsDivider,6,decent,,,,,,,,,,,,,,,,,,,,,,,,,,10,5,Saturn's rings are made mostly of ice particles with some rocky debris and dust.,0,0,1
607,Sun,6,fine,4.5,stone,200,currencyPerPoke,stone,400,,,,cooldownDivider,,,rarityOddsDivider,5,junk,rarityOddsDivider,5,basic,rarityOddsDivider,5,decent,,,,,,,,,,,,,level,10,flatMaxCardsPerPoke,1000,,level,15,flatCurrencyPerSecond,cosmic_ray,1,100,4,The Sun accounts for 99.86% of the mass in our solar system.,0,0,1
608,Proxima Centauri,6,fine,2,stone,80,currencyPerPoke,stone,250,,,,rarityOddsDivider,6,basic,rarityOddsDivider,6,decent,rarityOddsDivider,5,basic,,,,,,,,,,,,,,,,,,,,,,,,,,100,4,Proxima Centauri is the closest star to our solar system at just 4.2 light-years away.,0,0,1
609,Sirius,6,rare,2,stone,100,currencyPerPoke,stone,1000,,,,rarityOddsDivider,6,basic,rarityOddsDivider,6,decent,rarityOddsDivider,6,fine,rarityOddsDivider,7,junk,,,,,,,,,,,,,level,8,merchantPriceDivider,1.2,,level,32,flatCurrencyPerSecond,cosmic_ray,3,200,5,Sirius is twice as massive as our Sun and 25 times more luminous.,0,0,1
610,Betelgeuse,6,rare,2.5,stone,50,currencyPerPoke,stone,1000,currencyPerSec,stone,25,rarityOddsDivider,4,basic,rarityOddsDivider,4,decent,rarityOddsDivider,4,fine,rarityOddsDivider,6,decent,,,,,,,,,,,,,,,,,,,,,,,200,5,Betelgeuse is so large that if placed in our solar system it would extend past Jupiter's orbit.,0,0,1
611,Orion Nebula,6,rare,4,stone,200,currencyPerPoke,stone,1800,,,,cooldownDivider,,,rarityOddsDivider,6,basic,rarityOddsDivider,3,basic,rarityOddsDivider,4,basic,rarityOddsDivider,5,basic,,,,,,,,,,,,,,,,,,,,150,7,The Orion Nebula is visible to the naked eye and is 24 light-years across.,0,0,1
612,Crab Nebula,6,rare,5,stone,150,currencyPerPoke,stone,2000,currencyPerSec,stone,50,minCardsPerPoke,,,maxCardsPerPoke,,,rarityOddsDivider,3,decent,rarityOddsDivider,6,decent,rarityOddsDivider,6,rare,,,,,,,,,,level,5,flatCurrencyPerSecond,egg,3000,,,,,,150,7,The Crab Nebula is the remnant of a supernova observed in 1054 AD.,0,0,1
613,Milky Way,6,epic,1.5,cosmic_ray,5,currencyPerPoke,stone,5000,,,,rarityOddsDivider,6,basic,rarityOddsDivider,6,decent,rarityOddsDivider,6,fine,rarityOddsDivider,6,rare,rarityOddsDivider,5,basic,rarityOddsDivider,5,decent,,,,,,,level,25,currencyPerPokeMultiplier,stone,3,,,,,,200,8,Our Milky Way galaxy contains between 100-400 billion stars.,0,0,1
614,Andromeda Galaxy,6,epic,4,cosmic_ray,10,currencyPerPoke,cosmic_ray,1,currencyPerSec,stone,80,cooldownDivider,,,rarityOddsDivider,1,junk,rarityOddsDivider,2,junk,rarityOddsDivider,3,junk,rarityOddsDivider,4,basic,rarityOddsDivider,5,junk,,,,,,,level,10,flatCurrencyPerPoke,cosmic_ray,500,,,,,,200,8,The Andromeda Galaxy is on a collision course with our Milky Way and will merge in about 4.5 billion years.,0,0,1
615,Triangulum Galaxy,6,epic,1.5,cosmic_ray,10,currencyPerPoke,stone,5000,,,,rarityOddsDivider,1,basic,rarityOddsDivider,2,basic,rarityOddsDivider,3,basic,rarityOddsDivider,4,basic,rarityOddsDivider,5,basic,rarityOddsDivider,6,basic,,,,,,,level,20,flatCurrencyPerSecond,stone,1.00E+06,,,,,,200,8,The Triangulum Galaxy is the third-largest galaxy in our Local Group after Andromeda and the Milky Way.,0,0,1
616,Sagittarius A*,6,legend,5,cosmic_ray,25,currencyPerPoke,cosmic_ray,10,currencyPerSec,cosmic_ray,1,maxCardsPerPoke,,,rarityOddsDivider,1,decent,rarityOddsDivider,2,decent,rarityOddsDivider,3,decent,rarityOddsDivider,4,decent,rarityOddsDivider,5,decent,,,,,,,level,10,currencyPerSecMultiplier,stone,2,,,,,,500,8,Sagittarius A* is the supermassive black hole at the center of our Milky Way galaxy.,0,0,1
617,Messier 87 Black Hole,6,legend,5,cosmic_ray,25,currencyPerPoke,cosmic_ray,5,,,,cooldownDivider,,,maxCardsPerPoke,,,rarityOddsDivider,1,fine,rarityOddsDivider,2,fine,rarityOddsDivider,3,fine,rarityOddsDivider,4,fine,,,,,,,level,10,flatCurrencyPerPoke,stone,1.00E+07,,,,,,500,8,The M87 black hole was the first ever to be directly imaged by the Event Horizon Telescope in 2019.,0,0,1
618,Quasar 3C 273,6,mythic,3.5,cosmic_ray,500,currencyPerPoke,cosmic_ray,500,currencyPerSec,cosmic_ray,20,cooldownDivider,,,rarityOddsDivider,2,epic,rarityOddsDivider,2,rare,rarityOddsDivider,3,rare,rarityOddsDivider,4,rare,rarityOddsDivider,5,rare,rarityOddsDivider,6,rare,rarityOddsDivider,6,epic,level,15,currencyPerSecMultiplier,cosmic_ray,10,level,20,currencyPerPokeMultiplier,cosmic_ray,10,1000,10,Quasar 3C 273 is one of the brightest objects in the universe and is powered by a supermassive black hole.,0,0,1
701,Mouse,7,junk,1.5,tooth,5,currencyPerPoke,tooth,1,,,,,,,,,,,,,,,,,,,,,,,,,,,,,,,,,,,,,,3,1,A mouse's teeth never stop growing throughout its entire life.,0,0,1
702,Rat,7,junk,2,tooth,5,currencyPerPoke,tooth,1,,,,rarityOddsDivider,7,junk,,,,,,,,,,,,,,,,,,,,,,,,,,,,,,,,5,1,Rats are so intelligent they can learn their names and come when called.,0,0,1
703,Rabbit,7,junk,2,tooth,5,currencyPerPoke,tooth,1,,,,rarityOddsDivider,7,junk,,,,,,,,,,,,,,,,,,,,,,,,,,,,,,,,3,1,Rabbits' teeth grow up to 5 inches per year and must be constantly worn down.,0,0,1
704,Pixie,7,basic,2.5,tooth,25,,,,currencyPerSec,tooth,2,rarityOddsDivider,7,junk,rarityOddsDivider,7,basic,,,,,,,,,,,,,,,,,,,level,15,flatCurrencyPerPoke,pollen,10000,level,20,flatCurrencyPerPoke,pollen,200000,3,2,In folklore pixies were known for leading travelers astray in the wilderness.,0,0,1
705,Fox,7,basic,2,tooth,40,currencyPerPoke,tooth,10,,,,rarityOddsDivider,7,junk,rarityOddsDivider,6,basic,,,,,,,,,,,,,,,,,,,,,,,,,,,,,10,2,Foxes can hear rodents digging underground from nearly 40 feet away.,0,0,1
706,Wolf,7,basic,2,tooth,40,currencyPerPoke,tooth,10,,,,rarityOddsDivider,7,junk,rarityOddsDivider,7,basic,,,,,,,,,,,,,,,,,,,,,,,,,,,,,15,2,Wolves can smell prey up to 1.5 miles away even in dense forests.,0,0,1
707,Bear,7,decent,2,tooth,50,currencyPerPoke,tooth,50,,,,rarityOddsDivider,7,junk,rarityOddsDivider,7,basic,rarityOddsDivider,5,basic,,,,,,,,,,,,,,,,level,5,flatMaxCardsPerPoke,50,,level,20,flatMaxCardsPerPoke,1000,,150,5,Bears can smell food from over 18 miles away and have better noses than bloodhounds.,0,0,1
708,Lion,7,decent,4.5,tooth,50,currencyPerPoke,tooth,80,,,,cooldownDivider,,,rarityOddsDivider,7,junk,rarityOddsDivider,7,basic,,,,,,,,,,,,,,,,level,6,merchantPriceDivider,1.3,,,,,,,100,3,A lion's roar can be heard from up to 5 miles away.,0,0,1
709,Leopard,7,decent,1.5,tooth,50,currencyPerPoke,tooth,50,,,,rarityOddsDivider,7,junk,rarityOddsDivider,4,decent,rarityOddsDivider,3,decent,,,,,,,,,,,,,,,,,,,,,,,,,,100,3,"Leopards can carry prey twice their weight up into trees, even full-grown antelopes.",0,0,1
710,Panther,7,decent,2.5,tooth,25,,,,currencyPerSec,tooth,5,rarityOddsDivider,7,junk,rarityOddsDivider,7,basic,,,,,,,,,,,,,,,,,,,,,,,,,,,,,100,3,Panthers actually aren't a separate species but are black variants of leopards or jaguars.,0,0,1
711,Tiger,7,fine,2,tooth,50,currencyPerPoke,tooth,250,,,,rarityOddsDivider,7,junk,rarityOddsDivider,7,basic,rarityOddsDivider,7,decent,,,,,,,,,,,,,,,,,,,,,,,,,,200,4,Tigers have striped skin beneath their fur—not just striped fur.,0,0,1
712,Dire Wolf,7,fine,4.5,tooth,50,currencyPerPoke,tooth,400,,,,cooldownDivider,,,rarityOddsDivider,3,basic,rarityOddsDivider,4,basic,rarityOddsDivider,5,basic,,,,,,,,,,,,,,,,,,,,,,,150,4,Dire wolves were 25% larger than modern wolves and went extinct about 10000 years ago.,0,0,1
713,Griffin,7,fine,2.5,feather,10,currencyPerPoke,tooth,250,currencyPerSec,tooth,10,rarityOddsDivider,3,fine,rarityOddsDivider,4,decent,rarityOddsDivider,5,decent,,,,,,,,,,,,,,,,,,,,,,,,,,150,6,Griffins were believed to guard massive gold deposits in ancient mountains.,0,0,1
714,Unicorn,7,fine,2,tooth,50,currencyPerPoke,tooth,250,,,,rarityOddsDivider,7,junk,rarityOddsDivider,7,basic,rarityOddsDivider,6,basic,,,,,,,,,,,,,,,,,,,,,,,,,,50,5,Unicorn horns were believed to purify water and neutralize poison in medieval times.,0,0,1
715,Pegasus,7,rare,5,feather,10,currencyPerPoke,feather,10,,,,maxCardsPerPoke,,,rarityOddsDivider,7,basic,rarityOddsDivider,5,junk,rarityOddsDivider,6,fine,,,,,,,,,,,,,level,10,flatCurrencyPerPoke,stone,1.00E+07,,,,,,75,8,In Greek mythology Pegasus was born from the blood of Medusa when Perseus beheaded her.,0,0,1
716,Centaur,7,rare,2,tooth,50,currencyPerPoke,tooth,1000,,,,rarityOddsDivider,7,junk,rarityOddsDivider,7,basic,rarityOddsDivider,7,decent,rarityOddsDivider,9,junk,,,,,,,,,,,,,,,,,,,,,,,100,5,Centaurs were exceptional astronomers in Greek mythology who taught humans about the stars.,0,0,1
717,Satyr,7,rare,4,tooth,50,,,,currencyPerSec,tooth,40,cooldownDivider,,,rarityOddsDivider,6,basic,rarityOddsDivider,6,decent,rarityOddsDivider,6,fine,,,,,,,,,,,,,,,,,,,,,,,100,5,Satyrs were companions of Dionysus who could play panpipes so beautifully they could enchant anyone who heard.,0,0,1
718,Minotaur,7,rare,2,tooth,50,currencyPerPoke,tooth,1000,,,,rarityOddsDivider,7,junk,rarityOddsDivider,7,basic,rarityOddsDivider,7,decent,rarityOddsDivider,5,decent,,,,,,,,,,,,,,,,,,,,,,,300,7,The original Minotaur lived in a labyrinth designed by Daedalus that was so complex no one could escape.,0,0,1
719,Cerberus,7,rare,2.5,tooth,25,currencyPerPoke,tooth,1250,currencyPerSec,tooth,25,rarityOddsDivider,7,junk,rarityOddsDivider,7,fine,rarityOddsDivider,8,junk,rarityOddsDivider,8,basic,rarityOddsDivider,8,decent,,,,,,,,,,,,,,,,,,,,300,5,Cerberus had three heads and a serpent for a tail guarding the gates of the Underworld.,0,0,1
720,Basilisk,7,rare,2,royal_jelly,10,currencyPerPoke,tooth,1000,,,,rarityOddsDivider,2,junk,rarityOddsDivider,2,basic,rarityOddsDivider,2,decent,rarityOddsDivider,2,fine,rarityOddsDivider,2,rare,,,,,,,,,,,,,,,,,,,,250,7,Medieval legends claimed basilisks could kill with just a glance or breath.,0,0,1
721,Chimera,7,epic,2,tooth,50,currencyPerPoke,tooth,5000,,,,rarityOddsDivider,7,junk,rarityOddsDivider,7,basic,rarityOddsDivider,7,decent,rarityOddsDivider,7,fine,rarityOddsDivider,4,decent,rarityOddsDivider,4,rare,,,,,,,level,27,flatMinCardsPerPoke,270,,,,,,,400,7,"The Chimera had the head of a lion, body of a goat, and tail of a serpent—each representing past, present, and future.",0,0,1
722,Sphinx,7,epic,2.5,feather,5,currencyPerPoke,tooth,5000,,feather,3,rarityOddsDivider,7,basic,rarityOddsDivider,7,decent,rarityOddsDivider,3,decent,rarityOddsDivider,3,fine,rarityOddsDivider,3,rare,rarityOddsDivider,9,junk,,,,,,,level,25,flatMaxCardsPerPoke,25000,,,,,,,200,10,"The Sphinx's famous riddle asked travelers ""What walks on four feet in the morning, two in the afternoon, and three at night?""",0,0,1
723,Hydra,7,epic,4,royal_jelly,10,currencyPerPoke,tooth,7500,,,,cooldownDivider,,,rarityOddsDivider,7,decent,rarityOddsDivider,2,decent,rarityOddsDivider,7,fine,rarityOddsDivider,3,decent,rarityOddsDivider,9,basic,,,,,,,level,9,flatCurrencyPerPoke,tooth,1000000,,,,,,400,9,For each head cut from the Hydra two more would grow in its place.,0,0,1
724,Cockatrice,7,epic,5,royal_jelly,10,currencyPerPoke,tooth,10000,,,,minCardsPerPoke,,,maxCardsPerPoke,,,rarityOddsDivider,7,fine,rarityOddsDivider,7,rare,rarityOddsDivider,4,decent,rarityOddsDivider,9,decent,,,,,,,level,10,currencyPerPokeMultiplier,tooth,1.5,,,,,,200,6,The cockatrice was believed to be born from a rooster's egg incubated by a serpent or toad.,0,0,1
725,Tarrasque,7,epic,2.5,royal_jelly,5,currencyPerPoke,tooth,5000,currencyPerSec,tooth,50,rarityOddsDivider,7,junk,rarityOddsDivider,6,decent,rarityOddsDivider,6,fine,rarityOddsDivider,5,basic,rarityOddsDivider,5,decent,rarityOddsDivider,5,fine,,,,,,,level,15,flatCurrencyPerPoke,tooth,250000,level,20,flatCurrencyPerSecond,tooth,20000,300,7,"The Tarrasque was a legendary dragon-like creature from Provence, France that could only be tamed by a saint.",0,0,1
726,Chrysomallos,7,legend,2,tooth,25,currencyPerPoke,tooth,25000,,,,rarityOddsDivider,7,junk,rarityOddsDivider,7,basic,rarityOddsDivider,7,decent,rarityOddsDivider,7,fine,rarityOddsDivider,5,fine,rarityOddsDivider,8,junk,,,,,,,level,20,flatCurrencyPerSecond,rune,25000,,,,,,100,10,Chrysomallos was the golden-fleeced ram in Greek mythology that could fly and speak human language.,0,0,1
727,Manticore,7,legend,2,tooth,25,currencyPerPoke,tooth,25000,,,,rarityOddsDivider,7,basic,rarityOddsDivider,7,decent,rarityOddsDivider,7,fine,rarityOddsDivider,7,rare,rarityOddsDivider,5,fine,rarityOddsDivider,9,basic,,,,,,,level,20,currencyPerPokeMultiplier,tooth,2,,,,,,500,7,"The manticore had the body of a lion, face of a human, and tail of a scorpion with poisonous spines.",0,0,1
728,Wyvern,7,legend,3.5,tooth,10,,,,currencyPerSec,tooth,150,cooldownDivider,,,rarityOddsDivider,2,junk,rarityOddsDivider,3,junk,rarityOddsDivider,4,basic,rarityOddsDivider,7,decent,rarityOddsDivider,7,fine,,,,,,,level,15,currencyPerSecMultiplier,tooth,2,,,,,,400,7,"Unlike dragons, wyverns have only two legs and use their wings as forelegs when on the ground.",0,0,1
729,Ancient Dragon,7,legend,1.5,royal_jelly,10,currencyPerPoke,tooth,25000,,,,rarityOddsDivider,2,basic,rarityOddsDivider,3,basic,rarityOddsDivider,4,basic,rarityOddsDivider,5,basic,rarityOddsDivider,6,basic,rarityOddsDivider,7,basic,,,,,,,level,20,currencyPerSecMultiplier,pearl,2,,,,,,500,8,Ancient dragons were believed to be as old as the world itself and repositories of all knowledge.,0,0,1
730,Leviathan,7,legend,5,pearl,10,currencyPerPoke,pearl,20,,pearl,5,minCardsPerPoke,,,maxCardsPerPoke,,,rarityOddsDivider,2,fine,rarityOddsDivider,7,rare,rarityOddsDivider,7,epic,rarityOddsDivider,6,epic,,,,,,,level,10,flatCurrencyPerSecond,coral,5.00E+06,,,,,,500,10,The Leviathan is described in the Bible as a massive sea monster that no human could subdue.,0,0,1
731,Kraken,7,legend,5,pearl,25,currencyPerPoke,royal_jelly,20,currencyPerSec,royal_jelly,5,maxCardsPerPoke,,,rarityOddsDivider,2,decent,rarityOddsDivider,3,decent,rarityOddsDivider,4,decent,rarityOddsDivider,5,decent,rarityOddsDivider,6,decent,,,,,,,level,10,flatCurrencyPerSecond,pearl,25000,,,,,,600,7,Sailors once believed the Kraken could create whirlpools that could sink entire fleets of ships.,0,0,1
732,Ziz,7,mythic,5,feather,25,currencyPerPoke,feather,100,,,,cooldownDivider,,,maxCardsPerPoke,,,rarityOddsDivider,2,fine,rarityOddsDivider,3,fine,rarityOddsDivider,4,fine,rarityOddsDivider,5,fine,rarityOddsDivider,6,fine,rarityOddsDivider,7,rare,level,10,currencyPerPokeMultiplier,feather,2,,,,,,500,10,"In Jewish mythology, Ziz was a massive bird so large its wingspan could block out the sun.",0,0,1
733,Quetzalcoatl,7,mythic,3.5,feather,25,currencyPerPoke,tooth,250000,currencyPerSec,royal_jelly,20,cooldownDivider,,,rarityOddsDivider,7,basic,rarityOddsDivider,7,decent,rarityOddsDivider,2,rare,rarityOddsDivider,3,rare,rarityOddsDivider,4,rare,rarityOddsDivider,5,decent,rarityOddsDivider,5,fine,level,15,currencyPerPokeMultiplier,royal_jelly,2,,,,,,750,8,"Quetzalcoatl, the ""Feathered Serpent"", was worshipped as a creator deity in Mesoamerican cultures.",0,0,1
734,Fenrir,7,mythic,5,tooth,10,currencyPerPoke,royal_jelly,50,currencyPerSec,tooth,500,maxCardsPerPoke,,,rarityOddsDivider,3,junk,rarityOddsDivider,4,basic,rarityOddsDivider,5,junk,rarityOddsDivider,6,basic,rarityOddsDivider,7,junk,rarityOddsDivider,8,junk,,,,level,15,currencyPerPokeMultiplier,tooth,3,level,20,currencyPerPokeMultiplier,spirit,2,750,8,"In Norse mythology, Fenrir was a monstrous wolf destined to kill Odin during Ragnarök.",0,0,1
735,Jörmungandr,7,mythic,5,pearl,10,currencyPerPoke,royal_jelly,100,,,,cooldownDivider,,,maxCardsPerPoke,,,rarityOddsDivider,3,rare,rarityOddsDivider,4,rare,rarityOddsDivider,5,rare,rarityOddsDivider,6,rare,rarityOddsDivider,7,rare,,,,level,10,currencyPerPokeMultiplier,pearl,2,,,,,,600,10,Jörmungandr was a sea serpent so large it encircled the entire world and grasped its own tail.,0,0,1
736,Bahamut,7,exotic,3,royal_jelly,10,currencyPerPoke,royal_jelly,1000,currencyPerSec,royal_jelly,100,cooldownDivider,,,rarityOddsDivider,2,epic,rarityOddsDivider,3,epic,rarityOddsDivider,4,epic,rarityOddsDivider,5,rare,rarityOddsDivider,5,legend,rarityOddsDivider,6,epic,rarityOddsDivider,7,legend,level,20,currencyPerPokeMultiplier,royal_jelly,10,level,25,currencyPerSecMultiplier,royal_jelly,10,2500,10,"In Arabian mythology, Bahamut was a massive fish that supported the world on its back.",0,0,1
801,IdleOn,8,junk,1.5,coin,10,currencyPerPoke,coin,1,,,,rarityOddsDivider,1,junk,,,,,,,,,,,,,,,,,,,,,,,,,,,,,,,,1,1,A pay-to-win idle MMO that's more grind than game.,0,0,1
802,AdVenture Capitalist,8,junk,1.5,coin,10,currencyPerPoke,coin,1,,,,rarityOddsDivider,2,junk,,,,,,,,,,,,,,,,,,,,,,,,,,,,,,,,1,1,"The OG tap-to-profit simulator, with zero interesting mechanics.",0,0,1
803,Adventure Communist,8,junk,1.5,coin,10,currencyPerPoke,coin,1,,,,rarityOddsDivider,3,junk,,,,,,,,,,,,,,,,,,,,,,,,,,,,,,,,1,1,A blatant reskin of its predecessor with no new mechanics added.,0,0,1
804,Tap Tycoon,8,junk,2,coin,15,currencyPerPoke,coin,1,,,,rarityOddsDivider,8,junk,,,,,,,,,,,,,,,,,,,,,,,,,,,,,,,,1,1,Tycoon mechanics with a side of tapping. Good for falling asleep.,0,0,1
805,Idle Miner Tycoon,8,junk,2,coin,15,currencyPerPoke,coin,1,,,,rarityOddsDivider,8,junk,,,,,,,,,,,,,,,,,,,,,,,,,,,,,,,,1,1,Digging for profit... endlessly.,0,0,1
806,Bitcoin Billionaire,8,junk,2.5,coin,25,,,,currencyPerSec,coin,1,rarityOddsDivider,4,basic,,,,,,,,,,,,,,,,,,,,,,,,,,,,,,,,1,1,"Mine coins, time travel, repeat. How long before you uninstall?",0,0,1
807,Make It Rain,8,junk,2.5,coin,25,,,,currencyPerSec,coin,1,rarityOddsDivider,5,junk,,,,,,,,,,,,,,,,,,,,,,,,,,,,,,,,1,1,Just flick your screen and get rich! Pure nonsense.,0,0,1
808,Idle Tap Zoo,8,junk,2.5,coin,25,,,,currencyPerSec,coin,1,rarityOddsDivider,6,basic,,,,,,,,,,,,,,,,,,,,,,,,,,,,,,,,1,1,Collect adorable animals while doing nothing. And never feel like you did anything.,0,0,1
809,Banana,8,junk,3,coin,30,currencyPerPoke,coin,1,currencyPerSec,coin,1,rarityOddsDivider,8,junk,,,,,,,,,,,,,,,,,,,,,,level,10,flatCurrencyPerPoke,stone,1,level,15,flatCurrencyPerSecond,stone,1,1,1,You don’t know why you downloaded it. But you did.,0,0,1
810,Firestone Online,8,basic,2,coin,20,currencyPerPoke,coin,10,,,,rarityOddsDivider,8,basic,rarityOddsDivider,7,basic,rarityOddsDivider,6,basic,,,,,,,,,,,,,,,,,,,,,,,,,,2,2,Basic fantasy idle with light RPG elements.,0,0,1
811,Idle Heroes,8,basic,2,coin,20,currencyPerPoke,coin,10,,,,rarityOddsDivider,8,junk,rarityOddsDivider,7,junk,rarityOddsDivider,6,basic,,,,,,,,,,,,,,,,,,,,,,,,,,2,2,Collection-based idle RPG with gacha elements and paywalls.,0,0,1
812,Idle Apocalypse,8,basic,2,coin,20,currencyPerPoke,coin,10,,,,rarityOddsDivider,8,junk,rarityOddsDivider,5,junk,rarityOddsDivider,4,basic,,,,,,,,,,,,,,,,,,,,,,,,,,2,2,Post-apocalyptic tower-themed idle. An attempt was made.,0,0,1
813,Almost A Hero,8,basic,2.5,coin,50,,,,currencyPerSec,coin,2,rarityOddsDivider,3,junk,rarityOddsDivider,5,junk,,,,,,,,,,,,,,,,,,,level,20,flatMinCardsPerPoke,200,,,,,,,2,2,Roguelike mechanics meet idle hero training. Actually fun until paywalls.,0,0,1
814,Idle Balls,8,basic,2.5,coin,50,,,,currencyPerSec,coin,2,rarityOddsDivider,4,basic,rarityOddsDivider,6,basic,,,,,,,,,,,,,,,,,,,,,,,,,,,,,2,2,Physics-based ball dropper meets idle scaling.,0,0,1
815,Exponential Idle,8,basic,5,coin,25,currencyPerPoke,coin,20,,,,maxCardsPerPoke,,,rarityOddsDivider,6,basic,,,,,,,,,,,,,,,,,,,level,5,flatMaxCardsPerPoke,50,,level,15,flatMaxCardsPerPoke,1500,,2,2,Math-driven idle focused on equation growth.,0,0,1
816,Idle Skilling,8,basic,5,coin,25,currencyPerPoke,coin,20,,,,maxCardsPerPoke,,,rarityOddsDivider,7,junk,,,,,,,,,,,,,,,,,,,,,,,,,,,,,2,2,Multi-layered idle with lots of systems. Oddly disjointed.,0,0,1
817,Mr Mine,8,basic,5,coin,50,currencyPerPoke,coin,20,,,,cooldownDivider,,,rarityOddsDivider,8,junk,rarityOddsDivider,8,basic,,,,,,,,,,,,,,,,,,,,,,,,,,2,2,Dig and upgrade through oddities underground. Basic stuff.,0,0,1
818,Kittens Game,8,decent,1.5,coin,25,currencyPerPoke,coin,50,,,,rarityOddsDivider,8,junk,rarityOddsDivider,8,basic,,,,,,,,,,,,,,,,,,,,,,,,,,,,,3,3,Civ-building with deep resource strategy.,0,0,1
819,A Dark Room,8,decent,1.5,coin,25,currencyPerPoke,coin,50,,,,rarityOddsDivider,8,basic,rarityOddsDivider,7,junk,,,,,,,,,,,,,,,,,,,,,,,,,,,,,3,3,Narrative-driven idle with eerie tone.,0,0,1
820,Universal Paperclips,8,decent,1.5,coin,25,currencyPerPoke,coin,50,,,,rarityOddsDivider,4,decent,rarityOddsDivider,3,decent,,,,,,,,,,,,,,,,,,,,,,,,,,,,,3,3,From paperclip to AI dominance.,0,0,1
821,Cell to Singularity,8,decent,2.5,coin,20,,,,currencyPerSec,coin,5,rarityOddsDivider,5,junk,rarityOddsDivider,5,basic,,,,,,,,,,,,,,,,,,,level,6,merchantPriceDivider,1.3,,,,,,,3,3,Evolution from DNA to tech singularity.,0,0,1
822,Realm Grinder,8,decent,2.5,coin,20,,,,currencyPerSec,coin,5,rarityOddsDivider,6,basic,rarityOddsDivider,6,decent,,,,,,,,,,,,,,,,,,,,,,,,,,,,,3,3,Align with factions and go deeper in this snoozefest.,0,0,1
823,Tap Titans,8,decent,5,coin,25,currencyPerPoke,coin,100,,,,maxCardsPerPoke,,,rarityOddsDivider,8,junk,rarityOddsDivider,7,decent,,,,,,,,,,,,,,,,,,,,,,,,,,3,3,Flashy clicker with sword-wielding heroes.,0,0,1
824,Download RAM Idle,8,decent,5,coin,25,,,,currencyPerSec,coin,10,maxCardsPerPoke,,,rarityOddsDivider,8,junk,rarityOddsDivider,6,decent,,,,,,,,,,,,,,,,,,,,,,,,,,3,3,Absurdist idle about downloading RAM.,0,0,1
825,Leafblower Revolution,8,decent,4.5,coin,10,currencyPerPoke,coin,80,,,,cooldownDivider,,,rarityOddsDivider,8,basic,rarityOddsDivider,8,decent,,,,,,,,,,,,,,,,,,,,,,,,,,3,3,"Blow leaves and ascend. Yes, really.",0,0,1
826,Increlution,8,fine,2,coin,10,currencyPerPoke,coin,250,,,,rarityOddsDivider,8,junk,rarityOddsDivider,8,basic,rarityOddsDivider,8,decent,,,,,,,,,,,,,,,,level,20,flatCurrencyPerPoke,coin,50000,,,,,,5,4,Strategic idle with evolutionary theme.,0,0,1
827,Melvor Idle,8,fine,2,coin,10,currencyPerPoke,coin,250,,,,rarityOddsDivider,7,junk,rarityOddsDivider,7,basic,rarityOddsDivider,7,decent,,,,,,,,,,,,,,,,,,,,,,,,,,5,4,RuneScape-style idle with stats and skills.,0,0,1
828,Idle Wizard,8,fine,2,coin,10,currencyPerPoke,coin,250,,,,rarityOddsDivider,6,basic,rarityOddsDivider,6,decent,rarityOddsDivider,6,fine,,,,,,,,,,,,,,,,,,,,,,,,,,5,4,"Choose magic paths, climb spell trees.",0,0,1
829,Midnight Idle,8,fine,2,coin,10,currencyPerPoke,coin,250,,,,rarityOddsDivider,5,junk,rarityOddsDivider,5,basic,rarityOddsDivider,5,decent,,,,,,,,,,,,,,,,level,30,currencyPerPokeMultiplier,coin,2,,,,,,5,4,Darkness and rituals in idle form.,0,0,1
830,Time Clickers,8,fine,2.5,coin,20,,,,currencyPerSec,coin,10,rarityOddsDivider,8,basic,rarityOddsDivider,7,basic,rarityOddsDivider,6,basic,rarityOddsDivider,5,basic,,,,,,,,,,,,,level,20,flatCurrencyPerSecond,coin,2000,,,,,,5,4,FPS meets idle with color-coded chaos.,0,0,1
831,Idle Breakout,8,fine,2.5,coin,20,,,,currencyPerSec,coin,10,rarityOddsDivider,4,basic,rarityOddsDivider,3,basic,rarityOddsDivider,2,basic,rarityOddsDivider,1,basic,,,,,,,,,,,,,,,,,,,,,,,5,4,Brick-breaking arcade merges with idle.,0,0,1
832,What Lurks Below,8,fine,5,coin,10,,,,currencyPerSec,coin,20,cooldownDivider,,,maxCardsPerPoke,,,minCardsPerPoke,,,rarityOddsDivider,8,fine,rarityOddsDivider,9,junk,,,,,,,,,,,,,,,,,,,,5,4,Horror-themed idle with deep digging.,0,0,1
833,Cosmic Collection,8,fine,5,coin,10,currencyPerPoke,coin,500,currencyPerSec,coin,20,maxCardsPerPoke,,,minCardsPerPoke,,,rarityOddsDivider,8,junk,rarityOddsDivider,8,basic,rarityOddsDivider,8,decent,,,,,,,,,,level,15,flatExtraMerchantRarityScaling,0.1,,level,40,flatMaxCardsPerPoke,1000000,,5,5,Gameception Error: Maximum Recursion Depth Exceeded,0,0,1
834,Idle Slayer,8,rare,1.5,coin,15,currencyPerPoke,coin,1000,,,,rarityOddsDivider,8,decent,rarityOddsDivider,8,fine,rarityOddsDivider,7,fine,rarityOddsDivider,9,junk,,,,,,,,,,,,,level,40,currencyPerSecMultiplier,feather,2,,,,,,20,5,Platforming and idle? It works.,0,0,1
835,Swarm Simulator,8,rare,1.5,coin,15,currencyPerPoke,coin,1000,,,,rarityOddsDivider,8,junk,rarityOddsDivider,8,basic,rarityOddsDivider,8,decent,rarityOddsDivider,8,fine,,,,,,,,,,,,,level,30,flatCurrencyPerSecond,pollen,30000,level,40,flatCurrencyPerSecond,royal_jelly,4,10,5,Swarm up. Multiply. Exponentiate.,0,0,1
836,Farmer Against Potatoes,8,rare,2.5,coin,20,,,,currencyPerSec,coin,25,rarityOddsDivider,8,junk,rarityOddsDivider,8,basic,rarityOddsDivider,8,decent,rarityOddsDivider,9,junk,,,,,,,,,,,,,level,25,merchantPriceDivider,1.5,,,,,,,10,5,It’s weird. It’s good.,0,0,1
837,Synergism,8,rare,5,coin,50,currencyPerPoke,coin,2000,,,,maxCardsPerPoke,,,rarityOddsDivider,8,junk,rarityOddsDivider,5,junk,rarityOddsDivider,5,fine,rarityOddsDivider,6,basic,rarityOddsDivider,7,junk,,,,,,,,,,,,,,,,,10,5,Math-heavy idle with corruption.,0,0,1
838,Idle Loops,8,rare,4,coin,40,,,,currencyPerSec,coin,40,cooldownDivider,,,rarityOddsDivider,8,rare,rarityOddsDivider,8,fine,rarityOddsDivider,8,junk,rarityOddsDivider,9,junk,,,,,,,,,,,,,,,,,,,,10,5,Time loop idle built around code.,0,0,1
839,Shark Incremental,8,rare,4,coin,40,,,,currencyPerSec,coin,40,cooldownDivider,,,rarityOddsDivider,8,rare,rarityOddsDivider,8,fine,rarityOddsDivider,8,basic,,,,,,,,,,,,,level,15,currencyPerPokeMultiplier,coral,1.5,,,,,,20,5,An idle empire under the sea.,0,0,1
840,Egg Inc.,8,epic,1.5,coin,10,currencyPerPoke,coin,5000,,,,rarityOddsDivider,1,decent,rarityOddsDivider,2,decent,rarityOddsDivider,2,fine,rarityOddsDivider,2,rare,rarityOddsDivider,3,fine,,,,,,,,,,level,50,currencyPerPokeMultiplier,egg,5,,,,,,20,6,Build the chicken egg multiverse.,0,0,1
841,Trimps,8,epic,2.5,coin,25,currencyPerPoke,coin,5000,currencyPerSec,coin,50,rarityOddsDivider,4,decent,rarityOddsDivider,4,fine,rarityOddsDivider,4,rare,rarityOddsDivider,9,junk,rarityOddsDivider,9,basic,,,,,,,,,,level,35,currencyPerSecMultiplier,coin,2,,,,,,20,6,"Train, fight, gather. Repeat.",0,0,1
842,Cookie Clicker,8,epic,5,coin,50,currencyPerPoke,coin,10000,currencyPerSec,coin,100,cooldownDivider,,,maxCardsPerPoke,,,rarityOddsDivider,3,basic,rarityOddsDivider,3,decent,rarityOddsDivider,3,fine,rarityOddsDivider,3,rare,,,,,,,level,18,currencyPerPokeMultiplier,coin,3,,,,,,20,6,The cookie godfather of all idles.,0,0,1
843,Dodecadragons,8,legend,2,coin,10,currencyPerPoke,coin,25000,,,,rarityOddsDivider,8,junk,rarityOddsDivider,8,basic,rarityOddsDivider,4,decent,rarityOddsDivider,5,basic,rarityOddsDivider,5,decent,rarityOddsDivider,5,fine,rarityOddsDivider,5,rare,,,,level,45,currencyPerPokeMultiplier,tooth,5,,,,,,150,7,12 dimensions of math and pain.,0,0,1
844,Idle Research,8,legend,2,coin,10,currencyPerPoke,coin,25000,,,,rarityOddsDivider,8,decent,rarityOddsDivider,8,fine,rarityOddsDivider,6,basic,rarityOddsDivider,6,decent,rarityOddsDivider,6,fine,rarityOddsDivider,6,rare,,,,,,,level,45,currencyPerPokeMultiplier,coral,5,,,,,,50,7,Scientific breakthrough simulator.,0,0,1
845,Clicker Heroes,8,legend,3.5,coin,30,,,,currencyPerSec,coin,150,cooldownDivider,,,rarityOddsDivider,8,rare,rarityOddsDivider,8,epic,rarityOddsDivider,7,decent,rarityOddsDivider,7,fine,rarityOddsDivider,7,rare,,,,,,,level,25,currencyPerPokeMultiplier,pollen,5,,,,,,100,7,Classic monster-clicking progression.,0,0,1
846,Antimatter Dimensions,8,mythic,1.5,coin,10,currencyPerPoke,coin,250000,,,,rarityOddsDivider,8,junk,rarityOddsDivider,8,basic,rarityOddsDivider,8,decent,rarityOddsDivider,8,fine,rarityOddsDivider,8,rare,rarityOddsDivider,8,epic,rarityOddsDivider,8,legend,,,,level,50,currencyPerPokeMultiplier,crystal,5,,,,,,250,8,Infinite layers. Infinite resets.,0,0,1
847,Unnamed Space Idle,8,mythic,2.5,coin,25,,,,currencyPerSec,coin,250,rarityOddsDivider,2,decent,rarityOddsDivider,2,fine,rarityOddsDivider,2,rare,rarityOddsDivider,2,epic,rarityOddsDivider,8,junk,rarityOddsDivider,8,basic,rarityOddsDivider,8,decent,rarityOddsDivider,8,fine,level,40,currencyPerPokeMultiplier,pearl,5,,,,,,250,8,Deep space meets deep systems.,0,0,1
848,NGU Idle,8,mythic,3.5,coin,30,currencyPerPoke,coin,350000,,,,cooldownDivider,,,rarityOddsDivider,8,junk,rarityOddsDivider,8,basic,rarityOddsDivider,8,decent,rarityOddsDivider,8,fine,rarityOddsDivider,8,rare,rarityOddsDivider,8,epic,rarityOddsDivider,8,legend,level,25,currencyPerPokeMultiplier,feather,5,,,,,,200,8,Hilarious and complex in equal parts.,0,0,1
849,Degens Adventure,8,exotic,2.5,coin,20,currencyPerPoke,coin,5000000,currencyPerSec,coin,1500,rarityOddsDivider,7,fine,rarityOddsDivider,7,rare,rarityOddsDivider,7,epic,rarityOddsDivider,7,legend,rarityOddsDivider,7,mythic,rarityOddsDivider,8,rare,rarityOddsDivider,8,epic,rarityOddsDivider,8,legend,level,15,allGeneratorMultiplier,5,,level,30,currencyPerSecMultiplier,coin,10,1000,9,Strategic roguelite meets incremental.,0,0,1
850,Bitburner,8,exotic,5,coin,10,currencyPerPoke,coin,10000000,,,,minCardsPerPoke,,,maxCardsPerPoke,,,rarityOddsDivider,7,fine,rarityOddsDivider,7,rare,rarityOddsDivider,7,epic,rarityOddsDivider,7,legend,rarityOddsDivider,7,mythic,rarityOddsDivider,9,decent,level,15,allGeneratorMultiplier,5,,level,20,merchantPriceDivider,5,,500,9,Hack and code your way through idle.,0,0,1
851,Degens Idle,8,divine,3,coin,10,currencyPerPoke,coin,100000000,currencyPerSec,coin,10000,cooldownDivider,,,maxCardsPerPoke,,,minCardsPerPoke,,,rarityOddsDivider,8,epic,rarityOddsDivider,8,legend,rarityOddsDivider,8,mythic,rarityOddsDivider,9,fine,rarityOddsDivider,9,rare,level,20,allGeneratorMultiplier,100,,level,50,flatMaxCardsPerPoke,10000000,,2000,15,The pinnacle of incremental design.,0,0,1
901,Tooth Fairy,9,junk,1.5,spirit,5,currencyPerPoke,spirit,1,,,,rarityOddsDivider,7,junk,,,,,,,,,,,,,,,,,,,,,,level,22,currencyPerPokeMultiplier,tooth,1.5,level,44,currencyPerSecMultiplier,tooth,2,5,2,Slips in at night to swap your teeth for cash.,0,0,1
902,Moaning Myrtle,9,junk,5,spirit,5,currencyPerPoke,spirit,2,,,,minCardsPerPoke,,,rarityOddsDivider,9,junk,,,,,,,,,,,,,,,,,,,level,11,currencyPerPokeMultiplier,coral,2,level,22,currencyPerSecMultiplier,coral,2,5,1,"Hogwarts’ most melodramatic ghost, forever haunting the girls’ bathroom.",0,0,1
903,Danny Phantom,9,junk,2.5,spirit,5,,,,currencyPerSec,spirit,1,rarityOddsDivider,8,junk,,,,,,,,,,,,,,,,,,,,,,level,22,currencyPerPokeMultiplier,crystal,1.5,level,33,currencyPerSecMultiplier,crystal,2,10,1,Half-ghost teen who fights spectral threats while juggling high school.,0,0,1
904,Boo,9,basic,5,spirit,25,currencyPerPoke,spirit,20,,,,cooldownDivider,,,rarityOddsDivider,9,junk,rarityOddsDivider,3,junk,rarityOddsDivider,4,basic,,,,,,,,,,,,,level,11,flatCurrencyPerPoke,egg,100000,level,22,flatCurrencyPerSecond,egg,1500,5,3,These shy little ghosts cover their faces when looked at.,0,0,1
905,Beetlejuice,9,basic,2.5,spirit,25,,,,currencyPerSec,spirit,2,rarityOddsDivider,9,junk,rarityOddsDivider,5,junk,rarityOddsDivider,6,basic,,,,,,,,,,,,,,,,level,22,flatCurrencyPerPoke,pollen,2200000,level,33,flatCurrencyPerSecond,pollen,330000,10,2,"Say his name three times, and chaos follows. A trickster spirit with flair.",0,0,1
906,Casper,9,decent,2,spirit,100,currencyPerPoke,spirit,50,,,,rarityOddsDivider,9,junk,rarityOddsDivider,8,junk,rarityOddsDivider,7,junk,rarityOddsDivider,5,junk,,,,,,,,,,,,,level,11,merchantPriceDivider,1.4,,level,33,flatMinCardsPerPoke,3333,,5,4,"The friendliest ghost you’ll ever meet, always trying to make new human pals.",0,0,1
907,Banshee,9,decent,5,spirit,100,,,,currencyPerSec,spirit,10,maxCardsPerPoke,,,rarityOddsDivider,9,junk,rarityOddsDivider,9,basic,rarityOddsDivider,8,basic,rarityOddsDivider,6,basic,,,,,,,,,,level,11,flatCurrencyPerPoke,rune,2500,level,22,flatCurrencyPerPoke,royal_jelly,1000,20,3,Her scream foretells death. Originates from Irish folklore and ancient tales of mourning.,0,0,1
908,La Llorona,9,fine,2,spirit,100,currencyPerPoke,spirit,250,,,,rarityOddsDivider,9,junk,rarityOddsDivider,9,basic,rarityOddsDivider,9,decent,rarityOddsDivider,9,fine,rarityOddsDivider,8,decent,,,,,,,,,,level,22,flatMaxCardsPerPoke,1000,,level,44,flatMaxCardsPerPoke,10000,,20,4,"The “Weeping Woman” of Latin American folklore, doomed to search for her lost children.",0,0,1
909,Flying Dutchman,9,fine,4.5,spirit,100,,,,currencyPerSec,spirit,15,cooldownDivider,,,rarityOddsDivider,9,basic,rarityOddsDivider,9,decent,rarityOddsDivider,7,basic,rarityOddsDivider,7,decent,,,,,,,,,,level,11,allGeneratorMultiplier,1.5,,level,22,flatCooldownDivider,2,,25,4,A ghost ship captain cursed to sail the seas forever.,0,0,1
910,King Boo,9,rare,1.5,spirit,100,currencyPerPoke,spirit,1000,,,,rarityOddsDivider,9,junk,rarityOddsDivider,9,basic,rarityOddsDivider,9,decent,rarityOddsDivider,4,basic,rarityOddsDivider,5,basic,,,,,,,,,,level,22,flatCurrencyPerPoke,egg,500000,level,44,flatCurrencyPerSecond,egg,44000,50,7,Ruler of the Boos and Luigi’s ultimate haunt. Smiles while plotting mischief.,0,0,1
911,Pennywise,9,rare,5,spirit,100,currencyPerPoke,spirit,2000,currencyPerSec,spirit,50,maxCardsPerPoke,,,rarityOddsDivider,8,junk,rarityOddsDivider,7,junk,rarityOddsDivider,6,basic,rarityOddsDivider,5,junk,rarityOddsDivider,4,basic,rarityOddsDivider,10,junk,,,,level,11,flatCurrencyPerPoke,coin,25000,level,22,flatCurrencyPerSecond,coin,220000,150,5,Not just a clown - he’s a shapeshifting cosmic predator feeding on fear.,0,0,1
912,Valkyrie,9,epic,4,royal_jelly,5,currencyPerPoke,royal_jelly,30,,,,cooldownDivider,,,rarityOddsDivider,8,basic,rarityOddsDivider,7,basic,rarityOddsDivider,6,decent,rarityOddsDivider,5,basic,rarityOddsDivider,4,decent,,,,,,,level,22,currencyPerPokeMultiplier,stone,5,level,33,currencyPerSecMultiplier,stone,3,500,6,Norse warrior spirits who guide fallen heroes to Valhalla.,0,0,1
913,No-Face,9,epic,2.5,spirit,5,currencyPerPoke,royal_jelly,20,currencyPerSec,spirit,50,rarityOddsDivider,9,junk,rarityOddsDivider,9,basic,rarityOddsDivider,9,decent,rarityOddsDivider,9,fine,rarityOddsDivider,9,rare,rarityOddsDivider,9,epic,,,,,,,level,22,flatMaxCardsPerPoke,5000,,level,33,flatMinCardsPerPoke,5000,,250,7,"Starts silent, ends dangerous. Reflects the desires of those around him.",0,0,1
914,Ryuk,9,legend,5,spirit,10,currencyPerPoke,spirit,50000,,,,minCardsPerPoke,,,maxCardsPerPoke,,,rarityOddsDivider,9,basic,rarityOddsDivider,9,decent,rarityOddsDivider,9,fine,rarityOddsDivider,9,rare,rarityOddsDivider,8,fine,,,,level,11,currencyPerPokeMultiplier,royal_jelly,2,level,22,currencyPerPokeMultiplier,royal_jelly,3,500,7,An apple-loving Shinigami who dropped a Death Note just for fun.,0,0,1
915,Oni,9,legend,3.5,royal_jelly,10,currencyPerPoke,royal_jelly,30,,,,cooldownDivider,,,rarityOddsDivider,9,decent,rarityOddsDivider,9,fine,rarityOddsDivider,9,rare,rarityOddsDivider,9,epic,rarityOddsDivider,8,fine,rarityOddsDivider,8,rare,,,,level,11,currencyPerPokeMultiplier,pearl,2,level,33,currencyPerPokeMultiplier,pearl,3,500,7,"Horned demons from Japanese folklore, often wielding massive clubs and wild grins.",0,0,1
916,Anubis,9,mythic,5,royal_jelly,15,currencyPerPoke,royal_jelly,200,,,,minCardsPerPoke,,,maxCardsPerPoke,,,rarityOddsDivider,9,rare,rarityOddsDivider,9,epic,rarityOddsDivider,8,rare,rarityOddsDivider,8,epic,,,,,,,level,11,currencyPerPokeMultiplier,feather,2,level,22,currencyPerPokeMultiplier,feather,3,1500,8,Ancient Egyptian god of embalming and the dead.,0,0,1
917,Spectre,9,mythic,1.5,spirit,15,currencyPerPoke,spirit,250000,,,,rarityOddsDivider,9,basic,rarityOddsDivider,9,fine,rarityOddsDivider,9,epic,rarityOddsDivider,7,basic,rarityOddsDivider,7,fine,rarityOddsDivider,7,epic,rarityOddsDivider,10,junk,,,,level,33,currencyPerPokeMultiplier,cosmic_ray,2,level,55,currencyPerPokeMultiplier,cosmic_ray,3,1500,8,"A ghostly wraith from Dota 2, known for vengeance and spreading dread across the map.",0,0,1
918,Gandalf the White,9,exotic,4,royal_jelly,20,currencyPerPoke,spirit,8000000,currencyPerSec,royal_jelly,100,maxCardsPerPoke,,,minCardsPerPoke,,,rarityOddsDivider,9,epic,rarityOddsDivider,9,legend,rarityOddsDivider,8,epic,rarityOddsDivider,8,legend,rarityOddsDivider,8,mythic,rarityOddsDivider,11,basic,level,11,currencyPerPokeMultiplier,coin,5,level,33,currencyPerPokeMultiplier,coin,100,2500,15,"Returned from death more radiant and powerful, a true guide for Middle-earth.",0,0,1
1001,Rusty Spoon,10,junk,1.5,coral,1000,currencyPerPoke,coral,10,,,,rarityOddsDivider,6,basic,,,,,,,,,,,,,,,,,,,,,,,,,,,,,,,,5,1,It was probably used for cereal this morning.,0,0,1
1002,Broken Bottle,10,junk,1.5,pollen,1000,currencyPerPoke,pollen,10,,,,rarityOddsDivider,7,junk,,,,,,,,,,,,,,,,,,,,,,,,,,,,,,,,10,1,Perfect for bar fights and regrettable decisions.,0,0,1
1003,Worn Slingshot,10,junk,2.5,egg,1000,currencyPerPoke,egg,25,currencyPerSec,egg,2,rarityOddsDivider,8,junk,,,,,,,,,,,,,,,,,,,,,,level,30,flatCooldownDivider,3,,,,,,,10,1,Still has a pebble stuck from 1993.,0,0,1
1004,Stick,10,junk,2.5,crystal,1000,currencyPerPoke,crystal,25,currencyPerSec,crystal,2,rarityOddsDivider,9,junk,,,,,,,,,,,,,,,,,,,,,,,,,,,,,,,,10,1,Straight from the ground—DIY level: toddler.,0,0,1
1005,Pocket Knife,10,basic,5,coral,1000,currencyPerPoke,coral,500,currencyPerSec,coral,10,cooldownDivider,,,rarityOddsDivider,10,junk,,,,,,,,,,,,,,,,,,,level,15,merchantPriceDivider,1.5,,,,,,,15,2,"Reliable, foldable, and just edgy enough.",0,0,1
1006,Wooden Club,10,basic,2.5,pollen,1000,currencyPerPoke,pollen,250,currencyPerSec,pollen,5,rarityOddsDivider,10,junk,rarityOddsDivider,9,junk,,,,,,,,,,,,,,,,,,,,,,,,,,,,,15,2,A true caveman favorite.,0,0,1
1007,Pipe Wrench,10,basic,5,egg,1000,currencyPerPoke,egg,500,,,,maxCardsPerPoke,,,minCardsPerPoke,,,rarityOddsDivider,10,junk,rarityOddsDivider,10,basic,,,,,,,,,,,,,level,15,flatMinCardsPerPoke,1500,,,,,,,20,2,Plumbing tool turned menace.,0,0,1
1008,Short Bow,10,basic,1.5,crystal,1000,currencyPerPoke,crystal,100,,,,rarityOddsDivider,10,junk,,,,,,,,,,,,,,,,,,,,,,,,,,,,,,,,20,2,Perfect for squirrels or poor decisions.,0,0,1
1009,Crossbow,10,decent,2,coral,1000,currencyPerPoke,coral,500,,,,rarityOddsDivider,10,junk,rarityOddsDivider,10,basic,,,,,,,,,,,,,,,,,,,level,30,flatMinCardsPerPoke,300,,level,40,flatMaxCardsPerPoke,4000,,50,3,Because you watched too much 'Walking Dead'.,0,0,1
1010,Machete,10,decent,2,pollen,1000,currencyPerPoke,pollen,500,,,,rarityOddsDivider,10,junk,rarityOddsDivider,10,basic,,,,,,,,,,,,,,,,,,,,,,,,,,,,,50,3,Doubles as a jungle survival tool.,0,0,1
1011,Throwing Star,10,decent,2.5,egg,1000,currencyPerPoke,egg,750,currencyPerSec,egg,10,rarityOddsDivider,10,junk,rarityOddsDivider,8,junk,rarityOddsDivider,9,junk,,,,,,,,,,,,,,,,level,20,flatCurrencyPerPoke,crystal,500000,,,,,,10,3,Looks cooler than it performs.,0,0,1
1012,Tactical Axe,10,decent,2.5,crystal,1000,currencyPerPoke,crystal,750,currencyPerSec,crystal,10,rarityOddsDivider,9,junk,rarityOddsDivider,9,basic,,,,,,,,,,,,,,,,,,,level,20,currencyPerSecMultiplier,spirit,1.25,,,,,,50,3,The official weapon of doomsday preppers.,0,0,1
1013,Katana,10,fine,4.5,coral,1000,currencyPerPoke,coral,10000,currencyPerSec,coral,50,cooldownDivider,,,rarityOddsDivider,10,junk,rarityOddsDivider,10,basic,rarityOddsDivider,6,decent,,,,,,,,,,,,,,,,,,,,,,,100,4,Made with honor. Swings with grace.,0,0,1
1014,Compound Bow,10,fine,2.5,pollen,1000,currencyPerPoke,pollen,3000,currencyPerSec,pollen,25,rarityOddsDivider,10,junk,rarityOddsDivider,6,decent,rarityOddsDivider,6,fine,,,,,,,,,,,,,,,,,,,,,,,,,,100,4,Used by Olympic archers and apocalypse heroes.,0,0,1
1015,Revolver,10,fine,2,egg,1000,currencyPerPoke,egg,2500,,,,rarityOddsDivider,10,junk,rarityOddsDivider,7,decent,rarityOddsDivider,7,fine,,,,,,,,,,,,,,,,level,25,flatCooldownDivider,1,,level,40,flatCooldownDivider,4,,150,4,Classic click and bang.,0,0,1
1016,Sawed-Off Shotgun,10,fine,5,crystal,1000,currencyPerPoke,crystal,15000,,,,maxCardsPerPoke,,,minCardsPerPoke,,,rarityOddsDivider,4,fine,rarityOddsDivider,5,decent,rarityOddsDivider,5,fine,,,,,,,,,,level,12,currencyPerPokeMultiplier,spirit,1.2,,,,,,150,4,Up close and devastating.,0,0,1
1017,Sniper Rifle,10,rare,2.5,coral,1000,currencyPerPoke,coral,50000,currencyPerSec,coral,50,rarityOddsDivider,10,junk,rarityOddsDivider,8,junk,rarityOddsDivider,8,basic,rarityOddsDivider,8,decent,,,,,,,,,,,,,,,,,,,,,,,400,5,Because why miss from a mile away?,0,0,1
1018,Flamethrower,10,rare,2.5,pollen,1000,currencyPerPoke,pollen,50000,currencyPerSec,pollen,50,rarityOddsDivider,10,basic,rarityOddsDivider,8,junk,rarityOddsDivider,8,basic,rarityOddsDivider,8,decent,,,,,,,,,,,,,level,30,flatCurrencyPerSecond,royal_jelly,5000,,,,,,400,5,"Not OSHA-approved, but effective.",0,0,1
1019,Railgun,10,rare,2.5,egg,1000,currencyPerPoke,egg,50000,currencyPerSec,egg,50,rarityOddsDivider,10,decent,rarityOddsDivider,8,junk,rarityOddsDivider,8,basic,rarityOddsDivider,8,decent,,,,,,,,,,,,,level,20,flatCurrencyPerSecond,feather,5,,,,,,600,5,Launches slugs at hypersonic speeds.,0,0,1
1020,Lightsaber,10,rare,4,crystal,1000,currencyPerPoke,crystal,100000,currencyPerSec,crystal,100,cooldownDivider,,,rarityOddsDivider,10,junk,rarityOddsDivider,10,basic,rarityOddsDivider,10,decent,rarityOddsDivider,10,fine,,,,,,,,,,,,,,,,,,,,400,5,The go-to glowstick for Sith lords.,0,0,1
1021,Plasma Rifle,10,epic,2.5,coral,1000,currencyPerPoke,coral,250000,currencyPerSec,coral,100,rarityOddsDivider,10,junk,rarityOddsDivider,10,basic,rarityOddsDivider,10,decent,rarityOddsDivider,10,fine,rarityOddsDivider,10,rare,,,,,,,,,,level,40,currencyPerPokeMultiplier,coral,2,,,,,,1000,6,Pew pew energy from the future.,0,0,1
1022,Gravity Hammer,10,epic,5,pollen,1000,currencyPerPoke,pollen,500000,currencyPerSec,pollen,200,maxCardsPerPoke,,,minCardsPerPoke,,,rarityOddsDivider,10,basic,rarityOddsDivider,10,decent,rarityOddsDivider,10,fine,rarityOddsDivider,10,rare,,,,,,,level,25,currencyPerPokeMultiplier,pollen,2,,,,,,1000,6,Hit things so hard gravity feels it.,0,0,1
1023,Omniblade,10,epic,2.5,egg,1000,currencyPerPoke,egg,250000,currencyPerSec,egg,100,rarityOddsDivider,10,basic,rarityOddsDivider,9,junk,rarityOddsDivider,9,basic,rarityOddsDivider,9,decent,rarityOddsDivider,9,rare,,,,,,,,,,level,40,currencyPerPokeMultiplier,egg,2,,,,,,1000,8,It’s a sword. It’s a hologram. It’s painful.,0,0,1
1024,Keyblade,10,epic,2.5,crystal,1000,currencyPerPoke,crystal,250000,currencyPerSec,crystal,100,rarityOddsDivider,10,decent,rarityOddsDivider,9,junk,rarityOddsDivider,9,basic,rarityOddsDivider,9,decent,rarityOddsDivider,8,rare,,,,,,,,,,level,30,merchantPriceDivider,1.5,,level,40,currencyPerPokeMultiplier,crystal,2,500,8,Unlocks hearts and combos.,0,0,1
1025,Wolverine Claw,10,legend,1.5,rune,1000,currencyPerPoke,rune,2000,,,,rarityOddsDivider,10,junk,rarityOddsDivider,10,basic,rarityOddsDivider,10,decent,rarityOddsDivider,10,fine,rarityOddsDivider,10,rare,rarityOddsDivider,10,epic,,,,,,,level,30,currencyPerPokeMultiplier,stone,3,level,45,currencyPerSecMultiplier,stone,2,1000,7,Snikt! Not dishwasher safe.,0,0,1
1026,Mega Buster,10,legend,1.5,pearl,1000,currencyPerPoke,pearl,250,,,,rarityOddsDivider,10,basic,rarityOddsDivider,10,decent,rarityOddsDivider,4,decent,rarityOddsDivider,4,fine,rarityOddsDivider,4,rare,rarityOddsDivider,4,epic,,,,,,,level,30,currencyPerPokeMultiplier,coral,3,level,45,currencyPerSecMultiplier,stone,2,1000,7,"Arm cannon, ready to charge.",0,0,1
1027,BFG 9000,10,legend,1.5,royal_jelly,1000,currencyPerPoke,royal_jelly,200,,,,rarityOddsDivider,10,decent,rarityOddsDivider,10,fine,rarityOddsDivider,10,rare,rarityOddsDivider,5,decent,rarityOddsDivider,5,fine,rarityOddsDivider,5,rare,,,,,,,level,30,currencyPerPokeMultiplier,pollen,3,level,45,currencyPerSecMultiplier,stone,2,1500,7,The BFG stands for what you think.,0,0,1
1028,Monomolecular Dagger,10,legend,3.5,feather,1000,currencyPerPoke,feather,200,,,,cooldownDivider,,,rarityOddsDivider,6,decent,rarityOddsDivider,6,fine,rarityOddsDivider,6,rare,rarityOddsDivider,6,epic,,,,,,,,,,level,15,flatCurrencyPerPoke,spirit,50000,level,25,currencyPerSecMultiplier,spirit,2,1500,7,So sharp it cuts molecules and egos.,0,0,1
1029,Portal Gun,10,mythic,2.5,royal_jelly,1000,currencyPerPoke,royal_jelly,5000,currencyPerSec,royal_jelly,100,rarityOddsDivider,7,decent,rarityOddsDivider,7,fine,rarityOddsDivider,7,rare,rarityOddsDivider,7,epic,rarityOddsDivider,7,legend,,,,,,,,,,level,30,currencyPerPokeMultiplier,royal_jelly,2,level,45,currencyPerSecMultiplier,royal_jelly,2,2500,10,Open portals. Avoid traffic.,0,0,1
1030,The Master Sword,10,mythic,2.5,rune,1000,currencyPerPoke,rune,25000,currencyPerSec,rune,500,rarityOddsDivider,8,decent,rarityOddsDivider,8,fine,rarityOddsDivider,8,rare,rarityOddsDivider,8,epic,rarityOddsDivider,8,legend,,,,,,,,,,level,30,currencyPerPokeMultiplier,rune,2,level,45,currencyPerSecMultiplier,rune,2,2500,8,Sealed away for when evil returns.,0,0,1
1031,Black Hole Cannon,10,mythic,5,cosmic_ray,1000,currencyPerPoke,cosmic_ray,5000,currencyPerSec,cosmic_ray,100,maxCardsPerPoke,,,minCardsPerPoke,,,rarityOddsDivider,9,basic,rarityOddsDivider,9,decent,rarityOddsDivider,9,fine,rarityOddsDivider,9,rare,rarityOddsDivider,9,epic,rarityOddsDivider,9,legend,level,15,currencyPerPokeMultiplier,cosmic_ray,2,level,30,currencyPerSecMultiplier,cosmic_ray,2,2500,8,Fires tiny space doom.,0,0,1
1032,Golden Gun,10,mythic,2.5,feather,1000,currencyPerPoke,feather,5000,currencyPerSec,feather,100,rarityOddsDivider,10,basic,rarityOddsDivider,10,decent,rarityOddsDivider,10,fine,rarityOddsDivider,10,rare,rarityOddsDivider,10,epic,rarityOddsDivider,10,legend,rarityOddsDivider,7,rare,rarityOddsDivider,9,fine,level,30,currencyPerPokeMultiplier,feather,2,level,45,currencyPerSecMultiplier,feather,2,5000,8,One shot. One flex.,0,0,1
1033,Zangetsu,10,mythic,3.5,pearl,1000,currencyPerPoke,pearl,5000,currencyPerSec,pearl,100,cooldownDivider,,,rarityOddsDivider,2,epic,rarityOddsDivider,4,epic,rarityOddsDivider,5,legend,rarityOddsDivider,6,legend,rarityOddsDivider,7,epic,rarityOddsDivider,8,epic,rarityOddsDivider,9,fine,level,25,currencyPerPokeMultiplier,pearl,2,level,40,currencyPerSecMultiplier,pearl,2,5000,8,Wielded by Ichigo. Heavy. Sharp. Soulful.,0,0,1
1034,Paradox Blade,10,exotic,3,royal_jelly,1000,currencyPerPoke,royal_jelly,200000,currencyPerSec,royal_jelly,1000,cooldownDivider,,,rarityOddsDivider,3,epic,rarityOddsDivider,5,legend,rarityOddsDivider,6,legend,rarityOddsDivider,7,epic,rarityOddsDivider,8,mythic,rarityOddsDivider,9,legend,rarityOddsDivider,11,basic,level,20,flatCooldownDivider,5,,level,40,flatExtraMerchantRarityScaling,0.5,,5000,9,"Cannot be dodged, because it already hit you yesterday.",0,0,1
1035,Infinity Gauntlet,10,exotic,2.5,cosmic_ray,1000,currencyPerPoke,cosmic_ray,200000,currencyPerSec,cosmic_ray,1000,rarityOddsDivider,6,fine,rarityOddsDivider,6,rare,rarityOddsDivider,7,fine,rarityOddsDivider,7,rare,rarityOddsDivider,8,fine,rarityOddsDivider,8,rare,rarityOddsDivider,9,fine,rarityOddsDivider,9,rare,level,20,flatMinCardsPerPoke,2500,,level,50,flatMaxCardsPerPoke,100000,,7500,9,Snap responsibly.,0,0,1
1036,Death Note,10,exotic,2.5,spirit,1000,currencyPerPoke,spirit,25000000,currencyPerSec,spirit,25000,rarityOddsDivider,10,junk,rarityOddsDivider,10,basic,rarityOddsDivider,10,decent,rarityOddsDivider,10,fine,rarityOddsDivider,10,rare,rarityOddsDivider,10,epic,rarityOddsDivider,10,legend,rarityOddsDivider,11,basic,level,30,currencyPerPokeMultiplier,spirit,10,level,45,currencyPerSecMultiplier,spirit,3,10000,9,The human whose name is written in this note shall die.,0,0,1
1101,Tethys,11,basic,10,zeal,100,currencyPerPoke,zeal,1,,,,maxCardsPerPoke,,,,,,,,,,,,,,,,,,,,,,,,level,8,currencyPerSecMultiplier,stone,8,level,15,currencyPerPokeMultiplier,stone,15,200,3,Ancient sea Titaness and mother of all rivers and nymphs.,0,0,1
1102,Hestia,11,basic,10,zeal,100,currencyPerPoke,zeal,1,currencyPerSec,zeal,1,maxCardsPerPoke,,,,,,,,,,,,,,,,,,,,,,,,level,8,currencyPerSecMultiplier,coral,8,level,15,currencyPerPokeMultiplier,coral,15,200,6,Goddess of the hearth whose eternal flame kept Olympus at peace.,0,0,1
1103,Briareus,11,decent,10,zeal,100,currencyPerPoke,zeal,10,,,,maxCardsPerPoke,,,rarityOddsDivider,8,basic,,,,,,,,,,,,,,,,,,,level,8,currencyPerSecMultiplier,pollen,8,level,15,currencyPerPokeMultiplier,pollen,15,300,7,Hundred-armed giant who hurled rocks faster than Zeus could blink.,0,0,1
1104,Erebus,11,decent,10,zeal,100,,,,currencyPerSec,zeal,2,maxCardsPerPoke,,,rarityOddsDivider,9,basic,,,,,,,,,,,,,,,,,,,level,8,currencyPerSecMultiplier,egg,8,level,15,currencyPerPokeMultiplier,egg,15,300,8,God of deep darkness and shadow who helped birth daylight.,0,0,1
1105,Eros,11,decent,10,zeal,100,currencyPerPoke,zeal,10,currencyPerSec,zeal,2,maxCardsPerPoke,,,rarityOddsDivider,11,basic,,,,,,,,,,,,,,,,,,,level,8,currencyPerSecMultiplier,crystal,8,level,15,currencyPerPokeMultiplier,crystal,15,300,9,Primordial love god who could make even Zeus fall hopelessly in love.,0,0,1
1106,Mnemosyne,11,fine,10,zeal,100,currencyPerPoke,zeal,50,,,,maxCardsPerPoke,,,rarityOddsDivider,4,decent,rarityOddsDivider,4,fine,,,,,,,,,,,,,,,,level,8,currencyPerSecMultiplier,tooth,8,level,15,currencyPerPokeMultiplier,tooth,15,500,10,Memory goddess who birthed the nine Muses after sleeping with Zeus.,0,0,1
1107,Iapetus,11,fine,10,zeal,100,currencyPerPoke,zeal,50,,,,maxCardsPerPoke,,,rarityOddsDivider,5,decent,rarityOddsDivider,5,fine,,,,,,,,,,,,,,,,level,8,currencyPerSecMultiplier,coin,8,level,15,currencyPerPokeMultiplier,coin,15,500,12,"Titan father of Prometheus, Atlas, and other key players in human fate.",0,0,1
1108,Hyperion,11,fine,10,zeal,100,,,,currencyPerSec,zeal,5,maxCardsPerPoke,,,rarityOddsDivider,8,decent,rarityOddsDivider,8,fine,,,,,,,,,,,,,,,,level,8,currencyPerSecMultiplier,spirit,8,level,15,currencyPerPokeMultiplier,spirit,15,500,15,"Titan of light and father of the sun, moon, and dawn.",0,0,1
1109,Themis,11,fine,10,zeal,100,currencyPerPoke,zeal,50,currencyPerSec,zeal,5,maxCardsPerPoke,,,minCardsPerPoke,,,rarityOddsDivider,11,basic,rarityOddsDivider,11,decent,,,,,,,,,,,,,level,8,currencyPerSecMultiplier,rune,8,level,15,currencyPerPokeMultiplier,rune,15,500,18,Goddess of divine law who warned Zeus not to marry Thetis.,0,0,1
1110,Oceanus,11,rare,10,zeal,100,currencyPerPoke,zeal,250,,,,maxCardsPerPoke,,,rarityOddsDivider,6,decent,rarityOddsDivider,6,fine,rarityOddsDivider,6,rare,,,,,,,,,,,,,level,8,currencyPerSecMultiplier,pearl,8,level,15,currencyPerPokeMultiplier,pearl,15,1000,20,World-river Titan who fathered thousands of water spirits.,0,0,1
1111,Rhea,11,rare,10,zeal,100,currencyPerPoke,zeal,250,,,,maxCardsPerPoke,,,rarityOddsDivider,7,decent,rarityOddsDivider,7,fine,rarityOddsDivider,7,rare,,,,,,,,,,,,,level,8,currencyPerSecMultiplier,royal_jelly,8,level,15,currencyPerPokeMultiplier,royal_jelly,15,1000,25,Mother of Olympians who tricked Cronus by feeding him a rock baby.,0,0,1
1112,Prometheus,11,rare,10,zeal,100,,,,currencyPerSec,zeal,10,maxCardsPerPoke,,,rarityOddsDivider,8,basic,rarityOddsDivider,8,decent,rarityOddsDivider,8,fine,rarityOddsDivider,8,rare,,,,,,,,,,level,8,currencyPerSecMultiplier,feather,8,level,15,currencyPerPokeMultiplier,feather,15,1000,30,Titan who gave fire to humans and paid with eternal liver-munching.,0,0,1
1113,Atlas,11,rare,10,zeal,100,currencyPerPoke,zeal,250,currencyPerSec,zeal,10,maxCardsPerPoke,,,minCardsPerPoke,,,rarityOddsDivider,11,basic,rarityOddsDivider,11,decent,rarityOddsDivider,11,fine,,,,,,,,,,level,8,currencyPerSecMultiplier,cosmic_ray,8,level,15,currencyPerPokeMultiplier,cosmic_ray,15,1000,40,Titan punished to hold up the sky on his shoulders forever.,0,0,1
1114,Persephone,11,epic,10,zeal,100,currencyPerPoke,zeal,1000,,,,maxCardsPerPoke,,,rarityOddsDivider,7,decent,rarityOddsDivider,7,fine,rarityOddsDivider,7,rare,rarityOddsDivider,7,epic,,,,,,,,,,level,8,currencyPerSecMultiplier,zeal,8,level,15,currencyPerPokeMultiplier,zeal,3,2000,45,Queen of the Underworld whose seasonal visits cause spring and winter.,0,0,1
1115,Dionysus,11,epic,10,zeal,100,currencyPerPoke,zeal,1000,,,,maxCardsPerPoke,,,rarityOddsDivider,8,decent,rarityOddsDivider,8,fine,rarityOddsDivider,8,rare,rarityOddsDivider,8,epic,,,,,,,,,,level,8,merchantPriceDivider,2,,level,15,merchantPriceDivider,3,,2000,50,Wine god who could drive entire cities mad and once killed a Giant with a stick.,0,0,1
1116,Aphrodite,11,epic,10,zeal,100,currencyPerPoke,zeal,1000,,,,maxCardsPerPoke,,,rarityOddsDivider,9,basic,rarityOddsDivider,9,decent,rarityOddsDivider,9,fine,rarityOddsDivider,9,rare,,,,,,,,,,level,8,flatMaxCardsPerPoke,500000,,level,15,flatMaxCardsPerPoke,1500000,,2000,70,Goddess of love whose beauty started the Trojan War.,0,0,1
1117,Hephaestus,11,epic,10,zeal,100,,,,currencyPerSec,zeal,50,maxCardsPerPoke,,,minCardsPerPoke,,,rarityOddsDivider,10,basic,rarityOddsDivider,10,decent,rarityOddsDivider,10,fine,rarityOddsDivider,10,rare,,,,,,,level,8,flatMinCardsPerPoke,50000,,level,15,flatMinCardsPerPoke,150000,,2000,90,Crippled smith who forged Zeus’s thunderbolts and golden traps.,0,0,1
1118,Hermes,11,epic,10,zeal,100,currencyPerPoke,zeal,1000,currencyPerSec,zeal,50,maxCardsPerPoke,,,minCardsPerPoke,,,cooldownDivider,,,rarityOddsDivider,11,basic,rarityOddsDivider,11,decent,rarityOddsDivider,11,fine,rarityOddsDivider,11,rare,,,,level,8,allGeneratorMultiplier,5,,level,15,allGeneratorMultiplier,5,,2000,100,Trickster and messenger god who once stole Apollo’s cattle as a baby.,0,0,1
1119,Ares,11,legend,10,zeal,100,currencyPerPoke,zeal,5000,,,,maxCardsPerPoke,,,rarityOddsDivider,7,decent,rarityOddsDivider,7,fine,rarityOddsDivider,7,rare,rarityOddsDivider,7,epic,,,,,,,,,,level,10,currencyPerPokeMultiplier,zeal,1.5,level,20,flatCooldownDivider,25,,5000,120,God of war who loved bloodshed but kept getting outsmarted by Athena.,0,0,1
1120,Artemis,11,legend,10,zeal,100,currencyPerPoke,zeal,5000,,,,maxCardsPerPoke,,,rarityOddsDivider,8,decent,rarityOddsDivider,8,fine,rarityOddsDivider,8,rare,rarityOddsDivider,8,epic,rarityOddsDivider,8,legend,,,,,,,level,10,currencyPerPokeMultiplier,zeal,1.5,level,20,currencyPerPokeMultiplier,stone,20,5000,150,Moon goddess and huntress who turned a peeping hunter into a deer.,0,0,1
1121,Hecate,11,legend,10,zeal,100,currencyPerPoke,zeal,5000,,,,maxCardsPerPoke,,,rarityOddsDivider,9,decent,rarityOddsDivider,9,fine,rarityOddsDivider,9,rare,rarityOddsDivider,9,epic,,,,,,,,,,level,10,currencyPerPokeMultiplier,zeal,1.5,level,20,currencyPerPokeMultiplier,coral,20,5000,200,Titaness of magic and ghosts who was honored by Zeus and killed Giants with fire.,0,0,1
1122,Helios,11,legend,10,zeal,100,,,,currencyPerSec,zeal,250,maxCardsPerPoke,,,minCardsPerPoke,,,rarityOddsDivider,10,basic,rarityOddsDivider,10,decent,rarityOddsDivider,10,fine,rarityOddsDivider,10,rare,rarityOddsDivider,10,epic,,,,level,10,currencyPerPokeMultiplier,zeal,1.5,level,20,currencyPerPokeMultiplier,pollen,20,5000,250,The original sun god who could literally see everything.,0,0,1
1123,Apollo,11,legend,10,zeal,100,currencyPerPoke,zeal,5000,currencyPerSec,zeal,250,maxCardsPerPoke,,,minCardsPerPoke,,,cooldownDivider,,,rarityOddsDivider,11,basic,rarityOddsDivider,11,decent,rarityOddsDivider,11,fine,rarityOddsDivider,11,rare,rarityOddsDivider,11,epic,level,10,currencyPerPokeMultiplier,zeal,1.5,level,20,currencyPerPokeMultiplier,egg,20,5000,300,Archer god who killed a giant python and ran the best oracle in the world.,0,0,1
1124,Demeter,11,mythic,10,zeal,100,currencyPerPoke,zeal,25000,,,,maxCardsPerPoke,,,rarityOddsDivider,11,basic,rarityOddsDivider,11,decent,rarityOddsDivider,7,decent,rarityOddsDivider,7,fine,rarityOddsDivider,7,rare,rarityOddsDivider,7,epic,,,,level,12,currencyPerPokeMultiplier,zeal,2,level,24,currencyPerPokeMultiplier,crystal,24,10000,350,Goddess of harvest whose grief once caused global famine.,0,0,1
1125,Athena,11,mythic,10,zeal,100,currencyPerPoke,zeal,25000,,,,maxCardsPerPoke,,,rarityOddsDivider,11,basic,rarityOddsDivider,11,decent,rarityOddsDivider,8,decent,rarityOddsDivider,8,fine,rarityOddsDivider,8,rare,rarityOddsDivider,8,epic,rarityOddsDivider,8,legend,level,12,currencyPerPokeMultiplier,zeal,2,level,24,currencyPerPokeMultiplier,tooth,24,10000,400,Warrior goddess who sprang fully armed from Zeus’s head and beat Giants solo.,0,0,1
1126,Hera,11,mythic,10,zeal,100,currencyPerPoke,zeal,25000,,,,maxCardsPerPoke,,,rarityOddsDivider,11,basic,rarityOddsDivider,11,decent,rarityOddsDivider,9,decent,rarityOddsDivider,9,fine,rarityOddsDivider,9,rare,rarityOddsDivider,9,epic,,,,level,12,currencyPerPokeMultiplier,zeal,2,level,24,currencyPerPokeMultiplier,coin,24,10000,450,Queen of the gods who could manipulate Olympus through cunning alone.,0,0,1
1127,Hades,11,mythic,10,zeal,100,,,,currencyPerSec,zeal,1000,maxCardsPerPoke,,,minCardsPerPoke,,,rarityOddsDivider,11,basic,rarityOddsDivider,11,decent,rarityOddsDivider,10,decent,rarityOddsDivider,10,fine,rarityOddsDivider,10,rare,rarityOddsDivider,10,epic,level,12,currencyPerPokeMultiplier,zeal,2,level,24,currencyPerPokeMultiplier,spirit,24,10000,500,Underworld ruler with a helmet of invisibility and all the dead as subjects.,0,0,1
1128,Poseidon,11,mythic,10,zeal,100,currencyPerPoke,zeal,25000,currencyPerSec,zeal,1000,maxCardsPerPoke,,,minCardsPerPoke,,,cooldownDivider,,,rarityOddsDivider,11,basic,rarityOddsDivider,11,decent,rarityOddsDivider,11,fine,rarityOddsDivider,11,rare,rarityOddsDivider,11,epic,level,12,currencyPerPokeMultiplier,zeal,2,level,24,currencyPerPokeMultiplier,rune,24,10000,600,Earth-shaking sea god who created horses and caused earthquakes with his trident.,0,0,1
1129,Uranus,11,exotic,10,zeal,100,currencyPerPoke,zeal,250000,,,,maxCardsPerPoke,,,rarityOddsDivider,11,basic,rarityOddsDivider,11,decent,rarityOddsDivider,11,fine,rarityOddsDivider,11,rare,rarityOddsDivider,11,epic,rarityOddsDivider,11,legend,,,,level,15,currencyPerPokeMultiplier,zeal,3,level,30,currencyPerPokeMultiplier,pearl,30,50000,700,"Sky god castrated by his own son, which kicked off a cosmic power struggle.",0,0,1
1130,Tartarus,11,exotic,10,zeal,100,currencyPerPoke,zeal,250000,,,,maxCardsPerPoke,,,rarityOddsDivider,10,junk,rarityOddsDivider,10,basic,rarityOddsDivider,10,decent,rarityOddsDivider,10,fine,rarityOddsDivider,10,rare,rarityOddsDivider,10,epic,,,,level,15,currencyPerPokeMultiplier,zeal,3,level,30,currencyPerPokeMultiplier,royal_jelly,30,50000,800,The living abyss where the worst beings are locked away forever.,0,0,1
1131,Cronus,11,exotic,10,zeal,100,currencyPerPoke,zeal,250000,,,,maxCardsPerPoke,,,minCardsPerPoke,,,rarityOddsDivider,11,basic,rarityOddsDivider,11,decent,rarityOddsDivider,11,fine,rarityOddsDivider,11,rare,rarityOddsDivider,11,epic,rarityOddsDivider,11,legend,level,15,currencyPerPokeMultiplier,zeal,3,level,30,currencyPerPokeMultiplier,feather,30,50000,1000,Titan who ate his kids to avoid being overthrown… and still got overthrown.,0,0,1
1132,Typhon,11,exotic,10,zeal,100,,,,currencyPerSec,zeal,5000,maxCardsPerPoke,,,minCardsPerPoke,,,cooldownDivider,,,rarityOddsDivider,5,fine,rarityOddsDivider,5,rare,rarityOddsDivider,6,rare,rarityOddsDivider,6,epic,rarityOddsDivider,7,rare,level,15,currencyPerPokeMultiplier,zeal,3,level,30,currencyPerPokeMultiplier,cosmic_ray,30,50000,1250,A hundred-headed dragon who almost dethroned Zeus and wrecked Olympus.,0,0,1
1133,Gaia,11,exotic,10,zeal,100,currencyPerPoke,zeal,250000,currencyPerSec,zeal,5000,maxCardsPerPoke,,,minCardsPerPoke,,,cooldownDivider,,,rarityOddsDivider,7,rare,rarityOddsDivider,7,epic,rarityOddsDivider,8,fine,rarityOddsDivider,8,rare,rarityOddsDivider,8,epic,level,15,currencyPerPokeMultiplier,zeal,3,level,30,currencyPerPokeMultiplier,zeal,30,50000,1500,"Earth herself, mother of the Titans, Giants, and monsters like Typhon.",0,0,1
1134,Nyx,11,divine,10,zeal,100,currencyPerPoke,zeal,5000000,,,,maxCardsPerPoke,,,minCardsPerPoke,,,rarityOddsDivider,9,decent,rarityOddsDivider,9,fine,rarityOddsDivider,9,rare,rarityOddsDivider,9,epic,rarityOddsDivider,10,basic,rarityOddsDivider,10,decent,level,18,currencyPerPokeMultiplier,zeal,5,level,36,currencyPerSecMultiplier,zeal,100,100000,2000,Goddess of night so terrifying that even Zeus feared upsetting her.,0,0,1
1135,Chaos,11,divine,10,zeal,100,,,,currencyPerSec,zeal,50000,maxCardsPerPoke,,,minCardsPerPoke,,,cooldownDivider,,,rarityOddsDivider,10,decent,rarityOddsDivider,10,fine,rarityOddsDivider,10,rare,rarityOddsDivider,10,epic,rarityOddsDivider,10,legend,level,18,currencyPerPokeMultiplier,zeal,5,level,36,flatCooldownDivider,250,,100000,3000,The original void from which all existence—including the gods—emerged.,0,0,1
1136,Zeus,11,divine,10,zeal,100,currencyPerPoke,zeal,5000000,currencyPerSec,zeal,50000,maxCardsPerPoke,,,minCardsPerPoke,,,cooldownDivider,,,rarityOddsDivider,11,decent,rarityOddsDivider,11,fine,rarityOddsDivider,11,rare,rarityOddsDivider,11,epic,rarityOddsDivider,11,legend,level,18,currencyPerPokeMultiplier,zeal,5,level,36,flatMaxCardsPerPoke,1.00E+09,,100000,5000,King of the gods who once chained the monster Typhon beneath Mount Etna with his thunderbolts.,0,0,1